id1,id2,weight
pop,scandipop,1
pop,swedish electropop,1
pop,swedish pop,1
pop,post-teen pop,1
pop,dance pop,1
pop,indietronica,1
pop,metropopolis,1
pop,uk pop,1
pop,electropop,1
pop,indie poptimism,1
pop,girl group,1
pop,talent show,1
pop,boy band,1
pop,hip pop,1
pop,canadian contemporary r&b,1
pop,canadian pop,1
pop,candy pop,1
pop,viral pop,1
pop,uk dance,1
pop,australian hip hop,1
pop,australian pop,1
pop,art pop,1
pop,urban contemporary,1
pop,piano rock,1
pop,complextro,1
pop,edm,1
pop,german techno,1
pop,pop dance,1
pop,r&b,1
pop,barbadian pop,1
pop,queens hip hop,1
pop,rap,1
pop,neo soul,1
pop,pop rap,1
pop,pop r&b,1
pop,alt z,1
pop,bedroom pop,1
pop,electro house,1
pop,house,1
pop,progressive house,1
pop,tropical house,1
pop,british soul,1
pop,pop soul,1
pop,miami hip hop,1
pop,singer-songwriter pop,1
rap,southern hip hop,1
rap,trap,1
rap,hip hop,1
rap,melodic rap,1
rap,east coast hip hop,1
rap,drill,1
rap,gangster rap,1
rap,r&b,1
rap,rage rap,1
rap,brooklyn drill,1
rock,metal,1
rock,hard rock,1
rock,classic rock,1
rock,garage rock,1
rock,blues rock,1
rock,alternative rock,1
rock,post-grunge,1
rock,grunge,1
rock,modern rock,1
rock,psychedelic rock,1
rock,glam metal,1
rock,rap metal,1
rock,rap rock,1
rock,alternative metal,1
rock,nu metal,1
rock,southern rock,1
rock,glam rock,1
rock,art rock,1
rock,punk,1
rock,progressive rock,1
rock,symphonic rock,1
rock,britpop,1
rock,madchester,1
rock,album rock,1
rock,funk rock,1
rock,new wave,1
rock,baroque pop,1
rock,speed metal,1
rock,thrash metal,1
rock,skate punk,1
rock,pop punk,1
rock,folk rock,1
rock,folk,1
rock,singer-songwriter,1
rock,roots rock,1
rock,country rock,1
rock,indie rock,1
rock,soft rock,1
rock,emo,1
rock,blues,1
rock,groove metal,1
urbano latino,reggaeton,1
urbano latino,trap latino,1
urbano latino,trap,1
urbano latino,latin hip hop,1
urbano latino,colombian pop,1
urbano latino,bachata,1
hip hop,east coast hip hop,1
hip hop,gangster rap,1
hip hop,hardcore hip hop,1
hip hop,southern hip hop,1
hip hop,rap,1
hip hop,alternative hip hop,1
hip hop,rap rock,1
hip hop,trap,1
hip hop,r&b,1
hip hop,underground hip hop,1
trap latino,reggaeton,1
trap latino,urbano latino,1
trap latino,trap,1
trap latino,latin hip hop,1
trap latino,mexican hip hop,1
trap latino,colombian pop,1
reggaeton,trap latino,1
reggaeton,urbano latino,1
reggaeton,latin hip hop,1
reggaeton,trap,1
reggaeton,colombian pop,1
reggaeton,bachata,1
dance pop,pop,1
dance pop,dancehall,1
dance pop,art pop,1
dance pop,hip hop,1
dance pop,r&b,1
dance pop,new jack swing,1
dance pop,edm,1
dance pop,east coast hip hop,1
dance pop,southern hip hop,1
pop rap,southern hip hop,1
pop rap,rap,1
pop rap,hip hop,1
pop rap,east coast hip hop,1
pop rap,r&b,1
pop rap,trap,1
pop rap,dancehall,1
pop rap,gangster rap,1
pop rap,reggae,1
pop rap,grime,1
modern rock,baroque pop,1
modern rock,indie rock,1
modern rock,garage rock,1
modern rock,rock,1
modern rock,emo,1
modern rock,pop punk,1
modern rock,alternative rock,1
modern rock,blues rock,1
modern rock,post-grunge,1
modern rock,grunge,1
modern rock,indie folk,1
modern rock,metalcore,1
modern rock,screamo,1
modern rock,metal,1
modern rock,folk,1
modern rock,folk rock,1
modern rock,britpop,1
modern rock,punk,1
modern rock,skate punk,1
modern rock,new rave,1
modern rock,alternative dance,1
modern rock,indie pop,1
modern rock,chamber pop,1
pov  indie,bedroom pop,1
pov  indie,emo,1
pov  indie,indie rock,1
pov  indie,indie pop,1
pov  indie,modern rock,1
pov  indie,pop punk,1
pov  indie,vocaloid,1
musica mexicana,corrido,1
musica mexicana,banda,1
musica mexicana,grupera,1
musica mexicana,ranchera,1
musica mexicana,mariachi,1
musica mexicana,tejano,1
musica mexicana,mexican hip hop,1
musica mexicana,corridos tumbados,1
latin pop,colombian pop,1
latin pop,mariachi,1
latin pop,ranchera,1
latin pop,bolero,1
latin pop,vallenato,1
latin pop,latin rock,1
latin pop,mexican rock,1
latin pop,reggaeton,1
latin pop,argentine rock,1
latin pop,latin alternative,1
latin pop,grupera,1
latin pop,salsa,1
latin pop,bachata,1
classic rock,psychedelic rock,1
classic rock,blues rock,1
classic rock,album rock,1
classic rock,progressive rock,1
classic rock,southern rock,1
classic rock,hard rock,1
classic rock,country rock,1
classic rock,rock,1
classic rock,folk rock,1
classic rock,soft rock,1
classic rock,new wave,1
classic rock,glam rock,1
classic rock,blues,1
classic rock,symphonic rock,1
classic rock,art rock,1
classic rock,baroque pop,1
classic rock,singer-songwriter,1
classic rock,roots rock,1
classic rock,glam metal,1
classic rock,folk,1
classic rock,rockabilly,1
filmi,tamil pop,1
filmi,sufi,1
filmi,desi pop,1
filmi,tollywood,1
filmi,kollywood,1
permanent wave,alternative rock,1
permanent wave,britpop,1
permanent wave,madchester,1
permanent wave,new wave,1
permanent wave,punk,1
permanent wave,art rock,1
permanent wave,rock,1
permanent wave,synthpop,1
permanent wave,glam rock,1
permanent wave,garage rock,1
permanent wave,blues rock,1
permanent wave,shoegaze,1
permanent wave,art pop,1
permanent wave,singer-songwriter,1
permanent wave,funk rock,1
permanent wave,grunge,1
permanent wave,indie rock,1
permanent wave,baroque pop,1
permanent wave,post-grunge,1
permanent wave,modern rock,1
permanent wave,classic rock,1
permanent wave,alternative metal,1
permanent wave,trip hop,1
permanent wave,folk rock,1
permanent wave,roots rock,1
permanent wave,dream pop,1
permanent wave,chamber pop,1
permanent wave,skate punk,1
permanent wave,industrial,1
permanent wave,industrial rock,1
permanent wave,pop punk,1
permanent wave,soft rock,1
trap,southern hip hop,1
trap,rap,1
trap,gangster rap,1
trap,melodic rap,1
trap,drill,1
trap,r&b,1
alternative metal,nu metal,1
alternative metal,rap metal,1
alternative metal,metal,1
alternative metal,post-grunge,1
alternative metal,rock,1
alternative metal,hard rock,1
alternative metal,industrial metal,1
alternative metal,industrial rock,1
alternative metal,rap rock,1
alternative metal,industrial,1
alternative metal,groove metal,1
alternative metal,metalcore,1
alternative metal,funk rock,1
alternative metal,alternative rock,1
alternative metal,thrash metal,1
alternative metal,grunge,1
alternative metal,screamo,1
alternative metal,progressive rock,1
alternative metal,speed metal,1
alternative metal,christian alternative rock,1
alternative metal,emo,1
alternative metal,punk,1
alternative metal,skate punk,1
alternative metal,glam metal,1
k-pop,k-rap,1
k-pop,c-pop,1
k-pop,j-pop,1
r&b,new jack swing,1
r&b,quiet storm,1
r&b,neo soul,1
corrido,corridos tumbados,1
corrido,banda,1
canadian pop,funk rock,1
canadian pop,dancehall,1
canadian pop,neo soul,1
canadian pop,eurodance,1
canadian pop,country,1
canadian pop,pop,1
canadian pop,r&b,1
canadian pop,chamber pop,1
canadian pop,rap,1
canadian pop,hip hop,1
canadian pop,vocal jazz,1
canadian pop,jazz,1
norteno,corrido,1
norteno,banda,1
norteno,tejano,1
norteno,grupera,1
norteno,bolero,1
norteno,ranchera,1
norteno,mariachi,1
norteno,mexican hip hop,1
norteno,cumbia sonidera,1
norteno,corridos tumbados,1
sierreno,corrido,1
sierreno,banda,1
sierreno,corridos tumbados,1
sierreno,mariachi,1
sierreno,ranchera,1
sierreno,grupera,1
sierreno,tejano,1
album rock,classic rock,1
album rock,progressive rock,1
album rock,glam rock,1
album rock,rock,1
album rock,hard rock,1
album rock,southern rock,1
album rock,soft rock,1
album rock,new wave,1
album rock,glam metal,1
album rock,symphonic rock,1
album rock,art rock,1
album rock,blues rock,1
album rock,country rock,1
album rock,metal,1
album rock,psychedelic rock,1
album rock,blues,1
album rock,baroque pop,1
soft rock,folk rock,1
soft rock,classic rock,1
soft rock,southern rock,1
soft rock,album rock,1
soft rock,new wave,1
soft rock,progressive rock,1
soft rock,singer-songwriter,1
soft rock,rock,1
soft rock,adult standards,1
soft rock,motown,1
soft rock,glam rock,1
soft rock,country rock,1
soft rock,mariachi,1
soft rock,disco,1
soft rock,folk,1
soft rock,art rock,1
soft rock,symphonic rock,1
soft rock,blues,1
soft rock,baroque pop,1
soft rock,psychedelic rock,1
soft rock,hard rock,1
pop dance,edm,1
pop dance,slap house,1
pop dance,tropical house,1
pop dance,big room,1
pop dance,electro house,1
pop dance,progressive house,1
pop dance,house,1
pop dance,trance,1
pop dance,electronica,1
pop dance,dance pop,1
sad sierreno,corridos tumbados,1
sad sierreno,corrido,1
sad sierreno,banda,1
sad sierreno,trap latino,1
sad sierreno,urbano latino,1
sad sierreno,grupera,1
sad sierreno,mexican hip hop,1
sad sierreno,latin hip hop,1
sad sierreno,mariachi,1
sad sierreno,ranchera,1
edm,electro house,1
edm,big room,1
edm,electronica,1
edm,progressive house,1
edm,slap house,1
edm,trance,1
edm,house,1
edm,tropical house,1
hard rock,glam metal,1
hard rock,glam rock,1
hard rock,classic rock,1
hard rock,album rock,1
hard rock,metal,1
hard rock,speed metal,1
hard rock,rock,1
hard rock,southern rock,1
hard rock,blues rock,1
hard rock,progressive rock,1
hard rock,thrash metal,1
hard rock,groove metal,1
hard rock,rap metal,1
hard rock,grunge,1
hard rock,post-grunge,1
hard rock,industrial metal,1
hard rock,nu metal,1
hard rock,industrial rock,1
hard rock,industrial,1
hard rock,psychedelic rock,1
hard rock,country rock,1
hard rock,power metal,1
hard rock,soft rock,1
hard rock,alternative rock,1
hard rock,new wave,1
hard rock,symphonic metal,1
hard rock,symphonic rock,1
hard rock,art rock,1
hard rock,alternative metal,1
contemporary country,country,1
contemporary country,country rock,1
mellow gold,classic rock,1
mellow gold,soft rock,1
mellow gold,southern rock,1
mellow gold,folk rock,1
mellow gold,singer-songwriter,1
mellow gold,folk,1
mellow gold,album rock,1
mellow gold,new wave,1
mellow gold,country rock,1
mellow gold,mariachi,1
mellow gold,progressive rock,1
mellow gold,symphonic rock,1
mellow gold,art rock,1
mellow gold,blues,1
mellow gold,baroque pop,1
mellow gold,psychedelic rock,1
mellow gold,rock,1
mellow gold,glam rock,1
mellow gold,hard rock,1
mellow gold,blues rock,1
mellow gold,motown,1
mellow gold,roots rock,1
uk pop,hyperpop,1
uk pop,art pop,1
uk pop,pop,1
uk pop,norwegian pop,1
uk pop,tropical house,1
melodic rap,trap,1
melodic rap,rap,1
melodic rap,rage rap,1
melodic rap,cloud rap,1
melodic rap,brooklyn drill,1
melodic rap,emo rap,1
melodic rap,afrobeats,1
modern bollywood,desi pop,1
modern bollywood,sufi,1
modern bollywood,tollywood,1
modern bollywood,tamil pop,1
modern bollywood,kollywood,1
alternative rock,garage rock,1
alternative rock,blues rock,1
alternative rock,rock,1
alternative rock,grunge,1
alternative rock,shoegaze,1
alternative rock,indie rock,1
alternative rock,britpop,1
alternative rock,madchester,1
alternative rock,dream pop,1
alternative rock,new wave,1
alternative rock,punk,1
alternative rock,funk rock,1
alternative rock,art rock,1
alternative rock,post-grunge,1
alternative rock,hard rock,1
alternative rock,art pop,1
alternative rock,singer-songwriter,1
alternative rock,alternative metal,1
alternative rock,nu metal,1
alternative rock,rap metal,1
alternative rock,rap rock,1
alternative rock,modern rock,1
alternative rock,industrial rock,1
alternative rock,industrial,1
alternative rock,industrial metal,1
alternative rock,glam rock,1
alternative rock,chamber pop,1
alternative rock,baroque pop,1
alternative rock,synthpop,1
alternative rock,trip hop,1
alternative rock,downtempo,1
alternative rock,skate punk,1
alternative rock,alternative dance,1
alternative rock,new rave,1
banda,corrido,1
banda,grupera,1
banda,mariachi,1
banda,ranchera,1
banda,mexican hip hop,1
banda,cumbia sonidera,1
banda,tejano,1
banda,corridos tumbados,1
post-grunge,alternative metal,1
post-grunge,rock,1
post-grunge,nu metal,1
post-grunge,hard rock,1
post-grunge,grunge,1
post-grunge,alternative rock,1
post-grunge,industrial rock,1
post-grunge,industrial metal,1
post-grunge,industrial,1
post-grunge,funk rock,1
post-grunge,rap metal,1
post-grunge,metal,1
post-grunge,christian alternative rock,1
post-grunge,metalcore,1
post-grunge,groove metal,1
post-grunge,screamo,1
post-grunge,emo,1
post-grunge,pop punk,1
post-grunge,rap rock,1
post-grunge,southern rock,1
post-grunge,punk,1
corridos tumbados,corrido,1
corridos tumbados,banda,1
sertanejo universitario,sertanejo,1
sertanejo universitario,arrocha,1
sertanejo universitario,agronejo,1
sertanejo universitario,sertanejo tradicional,1
sertanejo universitario,pagode,1
sertanejo universitario,pagode baiano,1
nu metal,alternative metal,1
nu metal,rap metal,1
nu metal,metal,1
nu metal,industrial metal,1
nu metal,industrial rock,1
nu metal,industrial,1
nu metal,rap rock,1
nu metal,groove metal,1
nu metal,hard rock,1
nu metal,thrash metal,1
nu metal,post-grunge,1
nu metal,metalcore,1
nu metal,rock,1
nu metal,speed metal,1
nu metal,funk rock,1
nu metal,screamo,1
nu metal,alternative rock,1
nu metal,grunge,1
nu metal,punk,1
nu metal,skate punk,1
nu metal,progressive rock,1
country,country rock,1
country,southern rock,1
art pop,chamber pop,1
art pop,baroque pop,1
art pop,trip hop,1
art pop,dream pop,1
art pop,hyperpop,1
art pop,alternative r&b,1
art pop,singer-songwriter,1
art pop,indie rock,1
art pop,art rock,1
art pop,shoegaze,1
art pop,electropop,1
art pop,alternative dance,1
art pop,new rave,1
art pop,french pop,1
art pop,downtempo,1
art pop,glam rock,1
atl hip hop,southern hip hop,1
atl hip hop,trap,1
atl hip hop,rap,1
atl hip hop,gangster rap,1
atl hip hop,r&b,1
atl hip hop,melodic rap,1
atl hip hop,quiet storm,1
atl hip hop,rage rap,1
atl hip hop,alternative hip hop,1
atl hip hop,hip hop,1
urban contemporary,r&b,1
urban contemporary,quiet storm,1
urban contemporary,new jack swing,1
urban contemporary,neo soul,1
urban contemporary,east coast hip hop,1
urban contemporary,soul,1
sertanejo,sertanejo tradicional,1
sertanejo,arrocha,1
sertanejo,agronejo,1
sertanejo,pagode,1
southern hip hop,gangster rap,1
southern hip hop,rap,1
southern hip hop,trap,1
southern hip hop,r&b,1
southern hip hop,east coast hip hop,1
southern hip hop,hip hop,1
singer-songwriter,classic rock,1
singer-songwriter,folk rock,1
singer-songwriter,roots rock,1
singer-songwriter,folk,1
singer-songwriter,soft rock,1
singer-songwriter,country rock,1
singer-songwriter,mariachi,1
singer-songwriter,blues,1
singer-songwriter,glam rock,1
singer-songwriter,art rock,1
singer-songwriter,baroque pop,1
singer-songwriter,art pop,1
singer-songwriter,psychedelic rock,1
singer-songwriter,southern rock,1
singer-songwriter,blues rock,1
singer-songwriter,album rock,1
singer-songwriter,progressive rock,1
singer-songwriter,symphonic rock,1
singer-songwriter,chamber pop,1
singer-songwriter,country,1
singer-songwriter,new wave,1
reggaeton colombiano,reggaeton,1
reggaeton colombiano,trap latino,1
reggaeton colombiano,colombian pop,1
reggaeton colombiano,latin pop,1
reggaeton colombiano,urbano latino,1
reggaeton colombiano,latin alternative,1
reggaeton colombiano,bachata,1
reggaeton colombiano,dancehall,1
arrocha,sertanejo,1
arrocha,pagode,1
arrocha,agronejo,1
arrocha,pagode baiano,1
arrocha,sertanejo tradicional,1
arrocha,funk,1
arrocha,funk consciente,1
arrocha,trap funk,1
arrocha,mpb,1
french hip hop,pop urbaine,1
french hip hop,cloud rap,1
colombian pop,latin pop,1
colombian pop,latin alternative,1
colombian pop,ranchera,1
colombian pop,vallenato,1
colombian pop,reggaeton,1
colombian pop,salsa,1
colombian pop,bachata,1
colombian pop,banda,1
colombian pop,mexican indie,1
colombian pop,urbano latino,1
colombian pop,bolero,1
colombian pop,dancehall,1
colombian pop,bossa nova,1
alt z,norwegian pop,1
country road,country,1
country road,country rock,1
mexican pop,latin pop,1
mexican pop,latin alternative,1
mexican pop,grupera,1
mexican pop,latin rock,1
mexican pop,mexican rock,1
mexican pop,mariachi,1
mexican pop,mexican indie,1
mexican pop,colombian pop,1
mexican pop,argentine rock,1
mexican pop,ranchera,1
mexican pop,bolero,1
mexican pop,reggaeton,1
mexican pop,tejano,1
mexican pop,banda,1
mexican pop,cumbia sonidera,1
canadian hip hop,melodic rap,1
canadian hip hop,afrobeats,1
canadian hip hop,underground hip hop,1
canadian hip hop,alternative hip hop,1
j-pop,anime,1
j-pop,j-rock,1
j-pop,art pop,1
j-pop,soul,1
indonesian pop,indonesian indie,1
indonesian pop,worship,1
indonesian pop,dangdut,1
ranchera,mariachi,1
ranchera,bolero,1
ranchera,banda,1
ranchera,corrido,1
ranchera,grupera,1
ranchera,tejano,1
ranchera,latin pop,1
ranchera,mexican rock,1
ranchera,cumbia sonidera,1
ranchera,salsa,1
new wave pop,new wave,1
new wave pop,synthpop,1
new wave pop,soft rock,1
new wave pop,album rock,1
new wave pop,singer-songwriter,1
new wave pop,glam rock,1
new wave pop,disco,1
indietronica,dream pop,1
indietronica,new rave,1
indietronica,alternative dance,1
indietronica,indie rock,1
indietronica,trip hop,1
indietronica,baroque pop,1
indietronica,downtempo,1
indietronica,synthpop,1
indietronica,alternative rock,1
indietronica,art pop,1
indietronica,indie folk,1
indietronica,folk,1
indietronica,chamber pop,1
indietronica,electronica,1
indietronica,modern rock,1
indietronica,shoegaze,1
indietronica,house,1
german hip hop,turkish hip hop,1
german hip hop,cloud rap,1
pop urbaine,cloud rap,1
pop urbaine,drill,1
pop urbaine,afrobeats,1
pop urbaine,dancehall,1
rock en espanol,latin rock,1
rock en espanol,argentine rock,1
rock en espanol,latin alternative,1
rock en espanol,mexican rock,1
rock en espanol,reggae,1
rock en espanol,mexican hip hop,1
rock en espanol,latin hip hop,1
rock en espanol,mexican indie,1
rock en espanol,roots reggae,1
rock en espanol,latin pop,1
rock en espanol,cuarteto,1
rock en espanol,colombian pop,1
rock en espanol,bolero,1
rock en espanol,cumbia sonidera,1
rock en espanol,reggaeton,1
latin alternative,mexican rock,1
latin alternative,latin rock,1
latin alternative,mexican indie,1
latin alternative,argentine rock,1
latin alternative,reggae,1
latin alternative,mexican hip hop,1
latin alternative,latin hip hop,1
latin alternative,roots reggae,1
latin alternative,latin pop,1
latin alternative,cuarteto,1
latin alternative,nu metal,1
latin alternative,rap metal,1
latin alternative,rockabilly,1
latin alternative,reggaeton,1
gangster rap,southern hip hop,1
gangster rap,hardcore hip hop,1
gangster rap,hip hop,1
gangster rap,rap,1
gangster rap,east coast hip hop,1
gangster rap,r&b,1
gangster rap,reggaeton,1
gangster rap,rap rock,1
gangster rap,melodic rap,1
gangster rap,trap,1
soul,motown,1
soul,quiet storm,1
soul,jazz blues,1
soul,blues,1
soul,vocal jazz,1
soul,funk,1
soul,funk rock,1
soul,disco,1
soul,adult standards,1
soul,jazz,1
soul,new jack swing,1
soul,neo soul,1
k-pop boy group,k-pop,1
k-pop boy group,c-pop,1
k-pop boy group,k-rap,1
latin arena pop,latin pop,1
latin arena pop,mexican rock,1
latin arena pop,mariachi,1
latin arena pop,latin alternative,1
latin arena pop,latin rock,1
latin arena pop,ranchera,1
latin arena pop,bolero,1
latin arena pop,grupera,1
latin arena pop,argentine rock,1
latin arena pop,mexican indie,1
latin arena pop,singer-songwriter,1
chicago rap,drill,1
chicago rap,melodic rap,1
chicago rap,neo soul,1
chicago rap,alternative r&b,1
chicago rap,southern hip hop,1
chicago rap,hardcore hip hop,1
chicago rap,hip hop,1
chicago rap,underground hip hop,1
italian pop,trap,1
heartland rock,classic rock,1
heartland rock,southern rock,1
heartland rock,folk rock,1
heartland rock,soft rock,1
heartland rock,singer-songwriter,1
heartland rock,country rock,1
heartland rock,blues rock,1
heartland rock,progressive rock,1
heartland rock,album rock,1
heartland rock,roots rock,1
heartland rock,mariachi,1
heartland rock,rockabilly,1
heartland rock,folk,1
heartland rock,punk,1
heartland rock,pop punk,1
heartland rock,skate punk,1
heartland rock,country,1
k-pop girl group,k-pop,1
agronejo,sertanejo,1
agronejo,arrocha,1
agronejo,sertanejo tradicional,1
agronejo,funk,1
modern country pop,country,1
modern country pop,country rock,1
electro house,big room,1
electro house,edm,1
electro house,electronica,1
electro house,house,1
electro house,progressive house,1
electro house,tech house,1
electro house,trance,1
electro house,slap house,1
latin hip hop,reggaeton,1
latin hip hop,urbano latino,1
latin hip hop,trap latino,1
latin hip hop,latin alternative,1
latin hip hop,bachata,1
latin hip hop,mexican hip hop,1
latin hip hop,southern hip hop,1
latin hip hop,gangster rap,1
latin hip hop,rap,1
latin hip hop,mexican rock,1
latin hip hop,latin rock,1
canadian contemporary r&b,alternative r&b,1
canadian contemporary r&b,indie r&b,1
canadian contemporary r&b,pinoy hip hop,1
canadian contemporary r&b,alternative hip hop,1
canadian contemporary r&b,neo soul,1
pop punk,acoustic pop,1
pop punk,punk,1
pop punk,emo,1
pop punk,screamo,1
pop punk,metalcore,1
pop punk,skate punk,1
pop punk,metal,1
neo mellow,acoustic pop,1
neo mellow,singer-songwriter,1
neo mellow,post-grunge,1
neo mellow,pop rock,1
neo mellow,folk,1
neo mellow,indie folk,1
neo mellow,folk rock,1
neo mellow,pop punk,1
neo mellow,emo,1
neo mellow,vocal jazz,1
neo mellow,jazz,1
neo mellow,jazz blues,1
neo mellow,baroque pop,1
pop rock,post-grunge,1
pop rock,alternative rock,1
pop rock,grunge,1
pop rock,pop punk,1
pop rock,singer-songwriter,1
pop rock,emo,1
pop rock,nu metal,1
pop rock,punk,1
pop rock,funk rock,1
pop rock,rap rock,1
latin rock,argentine rock,1
latin rock,latin alternative,1
latin rock,mexican rock,1
latin rock,reggae,1
latin rock,mexican indie,1
latin rock,roots reggae,1
latin rock,latin pop,1
latin rock,mexican hip hop,1
latin rock,latin hip hop,1
latin rock,cuarteto,1
latin rock,colombian pop,1
latin rock,funk rock,1
latin rock,garage rock,1
latin rock,singer-songwriter,1
punjabi pop,punjabi hip hop,1
punjabi pop,desi hip hop,1
punjabi pop,hindi hip hop,1
punjabi pop,desi pop,1
rap metal,nu metal,1
rap metal,alternative metal,1
rap metal,metal,1
rap metal,industrial metal,1
rap metal,industrial rock,1
rap metal,industrial,1
rap metal,hard rock,1
rap metal,rap rock,1
rap metal,groove metal,1
rap metal,thrash metal,1
rap metal,rock,1
rap metal,speed metal,1
rap metal,funk rock,1
rap metal,grunge,1
rap metal,emo,1
rap metal,metalcore,1
rap metal,shoegaze,1
rap metal,christian alternative rock,1
rap metal,screamo,1
rap metal,southern hip hop,1
rap metal,opm,1
rap metal,pinoy hip hop,1
trap argentino,trap,1
trap argentino,trap latino,1
trap argentino,urbano latino,1
trap argentino,cuarteto,1
trap argentino,hyperpop,1
trap argentino,latin hip hop,1
trap argentino,reggaeton,1
new romantic,new wave,1
new romantic,synthpop,1
new romantic,glam rock,1
new romantic,industrial,1
new romantic,industrial rock,1
new romantic,art rock,1
new romantic,art pop,1
new romantic,soft rock,1
new romantic,madchester,1
new romantic,classic rock,1
new romantic,alternative dance,1
new wave,synthpop,1
new wave,madchester,1
new wave,industrial,1
new wave,industrial rock,1
new wave,glam rock,1
new wave,art rock,1
new wave,dream pop,1
new wave,alternative dance,1
new wave,art pop,1
new wave,classic rock,1
new wave,britpop,1
new wave,shoegaze,1
new wave,industrial metal,1
new wave,punk,1
new wave,hard rock,1
new wave,glam metal,1
new wave,soft rock,1
uk dance,dance pop,1
uk dance,house,1
uk dance,tech house,1
uk dance,tropical house,1
uk dance,progressive house,1
uk dance,deep house,1
uk dance,edm,1
uk dance,chill house,1
slap house,big room,1
slap house,edm,1
slap house,electro house,1
slap house,electronica,1
slap house,trance,1
slap house,house,1
slap house,deep house,1
slap house,tropical house,1
slap house,tech house,1
slap house,chill house,1
slap house,lounge,1
modern alternative rock,modern rock,1
modern alternative rock,blues rock,1
modern alternative rock,post-grunge,1
modern alternative rock,garage rock,1
modern alternative rock,rock,1
modern alternative rock,indie rock,1
modern alternative rock,shoegaze,1
indie pop,bedroom pop,1
indie pop,dream pop,1
indie pop,shoegaze,1
indie pop,chamber pop,1
indie pop,baroque pop,1
indie pop,art pop,1
indie pop,indie rock,1
indie rock,baroque pop,1
indie rock,alternative rock,1
indie rock,indie pop,1
indie rock,shoegaze,1
indie rock,dream pop,1
indie rock,modern rock,1
indie rock,garage rock,1
indie rock,chamber pop,1
indie rock,indie folk,1
indie rock,folk,1
indie rock,alternative dance,1
indie rock,new rave,1
indie rock,art pop,1
indie rock,singer-songwriter,1
indie rock,psychedelic rock,1
house,tech house,1
house,progressive house,1
house,deep house,1
house,electro house,1
house,chill house,1
conscious hip hop,east coast hip hop,1
conscious hip hop,hip hop,1
conscious hip hop,hardcore hip hop,1
conscious hip hop,gangster rap,1
conscious hip hop,underground hip hop,1
conscious hip hop,southern hip hop,1
conscious hip hop,alternative hip hop,1
conscious hip hop,rap,1
conscious hip hop,neo soul,1
conscious hip hop,latin hip hop,1
conscious hip hop,mexican hip hop,1
conscious hip hop,grime,1
conscious hip hop,rap metal,1
conscious hip hop,rap rock,1
conscious hip hop,alternative metal,1
conscious hip hop,nu metal,1
modern country rock,country,1
modern country rock,country rock,1
east coast hip hop,hardcore hip hop,1
east coast hip hop,underground hip hop,1
east coast hip hop,hip hop,1
east coast hip hop,gangster rap,1
east coast hip hop,new jack swing,1
folk rock,country rock,1
folk rock,psychedelic rock,1
folk rock,classic rock,1
folk rock,roots rock,1
folk rock,southern rock,1
folk rock,singer-songwriter,1
folk rock,folk,1
folk rock,soft rock,1
folk rock,progressive rock,1
folk rock,blues rock,1
folk rock,blues,1
folk rock,symphonic rock,1
folk rock,art rock,1
folk rock,baroque pop,1
folk rock,mariachi,1
folk rock,garage rock,1
folk rock,album rock,1
folk rock,glam rock,1
folk rock,rockabilly,1
metal,speed metal,1
metal,thrash metal,1
metal,groove metal,1
metal,power metal,1
metal,symphonic metal,1
metal,rap metal,1
metal,hard rock,1
metal,glam metal,1
metal,rock,1
metal,glam rock,1
metal,album rock,1
metal,nu metal,1
metal,alternative metal,1
metal,progressive rock,1
metal,classic rock,1
metal,metalcore,1
turkish pop,arabesk,1
turkish pop,turkish hip hop,1
bedroom pop,alternative r&b,1
bedroom pop,dream pop,1
bedroom pop,indie pop,1
bedroom pop,indie r&b,1
desi pop,desi hip hop,1
desi pop,hindi hip hop,1
desi pop,punjabi hip hop,1
desi pop,sufi,1
desi pop,punjabi pop,1
italian hip hop,trap,1
hoerspiel,children's music,1
afrobeats,afropop,1
afrobeats,dancehall,1
adult standards,vocal jazz,1
adult standards,jazz,1
adult standards,quiet storm,1
adult standards,easy listening,1
adult standards,rockabilly,1
adult standards,motown,1
adult standards,disco,1
adult standards,baroque pop,1
adult standards,jazz blues,1
adult standards,glam rock,1
post-teen pop,pop,1
post-teen pop,lullaby,1
neo soul,soul,1
neo soul,quiet storm,1
neo soul,r&b,1
neo soul,east coast hip hop,1
neo soul,alternative r&b,1
neo soul,vocal jazz,1
neo soul,pop soul,1
neo soul,hip hop,1
neo soul,jazz blues,1
neo soul,jazz,1
neo soul,blues,1
neo soul,motown,1
neo soul,indie r&b,1
sped up,drill,1
sped up,hyperpop,1
cloud rap,emo rap,1
cloud rap,hyperpop,1
cloud rap,dark trap,1
cloud rap,underground hip hop,1
cloud rap,southern hip hop,1
cloud rap,rage rap,1
cloud rap,melodic rap,1
cloud rap,pop punk,1
cloud rap,rap metal,1
cloud rap,drift phonk,1
viral pop,acoustic pop,1
viral pop,deep house,1
viral pop,pop,1
viral pop,opm,1
talent show,pop,1
talent show,europop,1
spanish pop,singer-songwriter,1
spanish pop,latin rock,1
spanish pop,synthpop,1
spanish pop,latin pop,1
spanish pop,bolero,1
spanish pop,rockabilly,1
spanish pop,latin alternative,1
spanish pop,flamenco urbano,1
punk,skate punk,1
punk,madchester,1
punk,new wave,1
punk,pop punk,1
punk,garage rock,1
punk,glam rock,1
punk,thrash metal,1
punk,speed metal,1
punk,rockabilly,1
punk,grunge,1
punk,post-grunge,1
punk,art rock,1
alternative r&b,neo soul,1
alternative r&b,bedroom pop,1
alternative r&b,art pop,1
alternative r&b,indie r&b,1
alternative r&b,dancehall,1
alternative r&b,hyperpop,1
grupera,cumbia sonidera,1
grupera,tejano,1
grupera,banda,1
grupera,vallenato,1
grupera,bolero,1
grupera,salsa,1
grupera,ranchera,1
grupera,mariachi,1
grupera,corrido,1
west coast rap,gangster rap,1
west coast rap,hardcore hip hop,1
west coast rap,hip hop,1
west coast rap,rap,1
west coast rap,rap rock,1
west coast rap,mexican hip hop,1
west coast rap,latin hip hop,1
west coast rap,underground hip hop,1
west coast rap,alternative hip hop,1
opm,pinoy hip hop,1
opm,reggae,1
boy band,new jack swing,1
boy band,v-pop,1
boy band,r&b,1
boy band,quiet storm,1
boy band,ccm,1
boy band,eurodance,1
boy band,reggaeton,1
psychedelic rock,baroque pop,1
psychedelic rock,garage rock,1
psychedelic rock,progressive rock,1
psychedelic rock,folk rock,1
psychedelic rock,country rock,1
psychedelic rock,blues rock,1
psychedelic rock,blues,1
psychedelic rock,classic rock,1
psychedelic rock,art rock,1
psychedelic rock,symphonic rock,1
psychedelic rock,hard rock,1
psychedelic rock,southern rock,1
psychedelic rock,glam rock,1
psychedelic rock,rock,1
psychedelic rock,roots rock,1
psychedelic rock,motown,1
psychedelic rock,chamber pop,1
psychedelic rock,mpb,1
psychedelic rock,brazilian rock,1
psychedelic rock,album rock,1
psychedelic rock,country,1
glam metal,glam rock,1
glam metal,hard rock,1
glam metal,album rock,1
glam metal,metal,1
glam metal,progressive rock,1
glam metal,classic rock,1
glam metal,speed metal,1
glam metal,southern rock,1
stomp and holler,indie folk,1
stomp and holler,folk,1
stomp and holler,roots rock,1
stomp and holler,chamber pop,1
stomp and holler,folk rock,1
stomp and holler,christian alternative rock,1
stomp and holler,baroque pop,1
stomp and holler,indie pop,1
stomp and holler,modern rock,1
stomp and holler,indie rock,1
desi hip hop,hindi hip hop,1
desi hip hop,punjabi hip hop,1
desi hip hop,punjabi pop,1
desi hip hop,desi pop,1
desi hip hop,hardcore hip hop,1
desi hip hop,tamil hip hop,1
desi hip hop,tamil pop,1
desi hip hop,kollywood,1
ccm,worship,1
ccm,christian alternative rock,1
ccm,trance,1
rage rap,underground hip hop,1
rage rap,melodic rap,1
rage rap,cloud rap,1
rage rap,drill,1
rage rap,southern hip hop,1
rage rap,brooklyn drill,1
rage rap,dark trap,1
rage rap,emo rap,1
rage rap,hyperpop,1
hip pop,east coast hip hop,1
hip pop,r&b,1
hip pop,new jack swing,1
hip pop,neo soul,1
hip pop,southern hip hop,1
hip pop,hip hop,1
hip pop,quiet storm,1
puerto rican pop,bolero,1
puerto rican pop,latin pop,1
puerto rican pop,salsa,1
puerto rican pop,bachata,1
puerto rican pop,reggaeton,1
puerto rican pop,urbano latino,1
puerto rican pop,trap latino,1
puerto rican pop,latin alternative,1
german pop,german hip hop,1
german pop,singer-songwriter,1
miami hip hop,southern hip hop,1
miami hip hop,dark trap,1
miami hip hop,underground hip hop,1
miami hip hop,gangster rap,1
miami hip hop,cloud rap,1
miami hip hop,r&b,1
miami hip hop,emo rap,1
argentine rock,latin rock,1
argentine rock,latin alternative,1
argentine rock,blues,1
argentine rock,progressive rock,1
argentine rock,rock,1
argentine rock,punk,1
argentine rock,reggae,1
argentine rock,roots reggae,1
sertanejo pop,sertanejo,1
sertanejo pop,arrocha,1
sertanejo pop,agronejo,1
sertanejo pop,sertanejo tradicional,1
sertanejo pop,pagode,1
tropical,salsa,1
tropical,bachata,1
tropical,cumbia sonidera,1
tropical,grupera,1
tropical,bolero,1
tropical,tejano,1
tropical,colombian pop,1
tropical,mariachi,1
tropical,ranchera,1
glam rock,art rock,1
glam rock,blues rock,1
glam rock,punk,1
glam rock,baroque pop,1
glam rock,rockabilly,1
glam rock,new wave,1
glam rock,symphonic rock,1
glam rock,progressive rock,1
glam rock,classic rock,1
glam rock,album rock,1
glam rock,hard rock,1
glam rock,glam metal,1
glam rock,synthpop,1
glam rock,art pop,1
glam rock,folk rock,1
glam rock,psychedelic rock,1
glam rock,rock,1
glam rock,britpop,1
glam rock,madchester,1
glam rock,singer-songwriter,1
funk carioca,funk,1
funk carioca,funk consciente,1
funk carioca,brazilian hip hop,1
funk carioca,pagode,1
funk carioca,trap funk,1
funk carioca,agronejo,1
funk carioca,trap,1
funk carioca,sertanejo,1
funk carioca,arrocha,1
nigerian pop,afrobeats,1
nigerian pop,afropop,1
nigerian pop,dancehall,1
argentine hip hop,trap,1
argentine hip hop,latin hip hop,1
argentine hip hop,trap latino,1
argentine hip hop,urbano latino,1
argentine hip hop,reggaeton,1
argentine hip hop,cuarteto,1
argentine hip hop,latin alternative,1
argentine hip hop,lo-fi beats,1
dark trap,rap metal,1
dark trap,emo rap,1
dark trap,rage rap,1
dark trap,cloud rap,1
dark trap,meme rap,1
dark trap,underground hip hop,1
dark trap,drift phonk,1
latin viral pop,reggaeton,1
latin viral pop,colombian pop,1
latin viral pop,latin pop,1
piano rock,pop punk,1
piano rock,christian alternative rock,1
piano rock,emo,1
piano rock,baroque pop,1
piano rock,indie pop,1
piano rock,singer-songwriter,1
piano rock,art pop,1
piano rock,modern rock,1
piano rock,chamber pop,1
piano rock,art rock,1
piano rock,folk rock,1
piano rock,soft rock,1
piano rock,progressive rock,1
piano rock,britpop,1
piano rock,classic rock,1
piano rock,symphonic rock,1
piano rock,worship,1
piano rock,ccm,1
piano rock,rockabilly,1
piano rock,j-rock,1
detroit hip hop,hardcore hip hop,1
detroit hip hop,underground hip hop,1
detroit hip hop,alternative hip hop,1
detroit hip hop,gangster rap,1
detroit hip hop,hip hop,1
italian adult pop,singer-songwriter,1
italian adult pop,latin pop,1
country rock,southern rock,1
country rock,classic rock,1
country rock,soft rock,1
country rock,folk rock,1
country rock,blues rock,1
country rock,country,1
country rock,blues,1
country rock,roots rock,1
country rock,psychedelic rock,1
country rock,singer-songwriter,1
country rock,progressive rock,1
country rock,folk,1
country rock,album rock,1
country rock,hard rock,1
country rock,mariachi,1
country rock,rockabilly,1
country rock,garage rock,1
country rock,baroque pop,1
underground hip hop,cloud rap,1
underground hip hop,dark trap,1
underground hip hop,emo rap,1
underground hip hop,southern hip hop,1
underground hip hop,k-rap,1
underground hip hop,hyperpop,1
underground hip hop,alternative hip hop,1
mexican hip hop,latin hip hop,1
mexican hip hop,rap,1
mexican hip hop,mexican rock,1
mexican hip hop,latin alternative,1
mexican hip hop,mexican indie,1
progressive electro house,progressive house,1
progressive electro house,big room,1
progressive electro house,edm,1
progressive electro house,electro house,1
progressive electro house,tech house,1
progressive electro house,electronica,1
progressive electro house,slap house,1
progressive electro house,trance,1
progressive electro house,house,1
progressive electro house,deep house,1
synthpop,new wave,1
synthpop,industrial,1
synthpop,industrial rock,1
synthpop,art pop,1
synthpop,madchester,1
synthpop,alternative dance,1
synthpop,britpop,1
synthpop,classic rock,1
metropopolis,synthpop,1
metropopolis,art pop,1
metropopolis,dream pop,1
metropopolis,indie pop,1
metropopolis,shoegaze,1
metropopolis,hyperpop,1
metropopolis,alternative r&b,1
metropopolis,indie r&b,1
metropopolis,french pop,1
metropopolis,indie folk,1
metropopolis,trip hop,1
metropopolis,chamber pop,1
metropopolis,baroque pop,1
metropopolis,new rave,1
metropopolis,norwegian pop,1
garage rock,blues rock,1
garage rock,rock,1
garage rock,alternative rock,1
garage rock,rockabilly,1
garage rock,modern rock,1
garage rock,punk,1
garage rock,indie rock,1
garage rock,psychedelic rock,1
garage rock,britpop,1
garage rock,roots rock,1
garage rock,baroque pop,1
garage rock,shoegaze,1
garage rock,progressive rock,1
garage rock,art rock,1
indie folk,folk,1
indie folk,folk rock,1
indie folk,roots rock,1
indie folk,chamber pop,1
indie folk,singer-songwriter,1
indie folk,indie rock,1
vocal jazz,jazz,1
vocal jazz,jazz blues,1
vocal jazz,soul,1
vocal jazz,blues,1
vocal jazz,adult standards,1
vocal jazz,bossa nova,1
vocal jazz,motown,1
vocal jazz,quiet storm,1
vocal jazz,funk,1
europop,eurodance,1
europop,disco,1
europop,new jack swing,1
europop,latin pop,1
europop,dance pop,1
progressive house,trance,1
progressive house,big room,1
progressive house,electro house,1
progressive house,edm,1
progressive house,deep house,1
progressive house,house,1
progressive house,tech house,1
art rock,progressive rock,1
art rock,symphonic rock,1
art rock,album rock,1
art rock,glam rock,1
art rock,psychedelic rock,1
art rock,blues,1
art rock,baroque pop,1
art rock,classic rock,1
art rock,singer-songwriter,1
art rock,art pop,1
art rock,new wave,1
art rock,rock,1
art rock,blues rock,1
art rock,alternative rock,1
art rock,soft rock,1
art rock,alternative metal,1
art rock,metal,1
art rock,synthpop,1
yacht rock,soft rock,1
yacht rock,album rock,1
yacht rock,motown,1
yacht rock,southern rock,1
yacht rock,country rock,1
yacht rock,classic rock,1
yacht rock,art rock,1
yacht rock,glam rock,1
yacht rock,jazz,1
yacht rock,adult standards,1
yacht rock,vocal jazz,1
yacht rock,ccm,1
mpb,nova mpb,1
mpb,samba,1
mpb,bossa nova,1
mpb,pagode,1
mpb,brazilian rock,1
mpb,bolero,1
mpb,psychedelic rock,1
mpb,sertanejo tradicional,1
mpb,pop rock,1
mpb,latin rock,1
mpb,reggae,1
pagode,samba,1
pagode,mpb,1
pagode,pagode baiano,1
pagode,funk carioca,1
tropical house,lounge,1
tropical house,chill house,1
tropical house,stutter house,1
tropical house,slap house,1
tropical house,progressive house,1
urbano espanol,hyperpop,1
urbano espanol,cloud rap,1
urbano espanol,flamenco urbano,1
urbano espanol,latin hip hop,1
urbano espanol,rap,1
urbano espanol,trap,1
urbano espanol,trap latino,1
urbano espanol,drill,1
chamber pop,indie folk,1
chamber pop,folk,1
chamber pop,baroque pop,1
chamber pop,art pop,1
chamber pop,indie rock,1
chamber pop,indie pop,1
chamber pop,singer-songwriter,1
chamber pop,dream pop,1
chamber pop,shoegaze,1
chamber pop,britpop,1
chamber pop,alternative rock,1
chamber pop,garage rock,1
chamber pop,roots rock,1
rap francais,pop urbaine,1
rap francais,drill,1
rap francais,cloud rap,1
dance rock,synthpop,1
dance rock,new wave,1
dance rock,madchester,1
dance rock,britpop,1
dance rock,alternative dance,1
dance rock,new rave,1
dance rock,indie rock,1
dance rock,funk rock,1
dance rock,punk,1
dance rock,alternative rock,1
dance rock,art rock,1
dance rock,art pop,1
dance rock,anime,1
dance rock,j-rock,1
dance rock,j-pop,1
j-rock,anime,1
j-rock,j-pop,1
j-rock,garage rock,1
j-rock,shoegaze,1
j-rock,dream pop,1
j-rock,art pop,1
j-rock,skate punk,1
folk,singer-songwriter,1
folk,country rock,1
folk,folk rock,1
folk,roots rock,1
folk,baroque pop,1
folk,blues,1
folk,southern rock,1
folk,classic rock,1
folk,psychedelic rock,1
folk,mariachi,1
folk,rockabilly,1
folk,soft rock,1
anime,j-pop,1
anime,j-rock,1
anime,vocaloid,1
trap brasileiro,trap,1
trap brasileiro,trap funk,1
trap brasileiro,brazilian hip hop,1
trap brasileiro,funk,1
trap brasileiro,funk consciente,1
trap brasileiro,funk carioca,1
disco,motown,1
disco,quiet storm,1
disco,funk,1
disco,soul,1
disco,adult standards,1
pluggnb,underground hip hop,1
pluggnb,cloud rap,1
pluggnb,rage rap,1
pluggnb,hyperpop,1
pluggnb,melodic rap,1
pluggnb,rap,1
british soul,alternative r&b,1
british soul,soul,1
british soul,pop soul,1
british soul,neo soul,1
british soul,new jack swing,1
british soul,jazz blues,1
british soul,reggae,1
british soul,quiet storm,1
british soul,r&b,1
metalcore,screamo,1
metalcore,metal,1
metalcore,emo,1
metalcore,rap metal,1
metalcore,pop punk,1
australian pop,country,1
australian pop,dance pop,1
australian pop,new jack swing,1
australian pop,hyperpop,1
australian pop,europop,1
uk hip hop,grime,1
uk hip hop,afrobeats,1
uk hip hop,drill,1
uk hip hop,dancehall,1
christian music,ccm,1
christian music,christian alternative rock,1
christian music,worship,1
christian music,trance,1
christian music,lullaby,1
electropop,norwegian pop,1
electropop,french pop,1
electropop,art pop,1
electropop,alternative dance,1
electropop,edm,1
electropop,house,1
electropop,synthpop,1
electropop,dream pop,1
electropop,hyperpop,1
big room,progressive house,1
big room,edm,1
big room,rage rap,1
big room,electro house,1
big room,trance,1
big room,electronica,1
big room,slap house,1
big room,house,1
big room,stutter house,1
big room,tech house,1
big room,tropical house,1
big room,deep house,1
big room,chill house,1
forro,sertanejo,1
forro,arrocha,1
forro,pagode,1
forro,agronejo,1
forro,pagode baiano,1
swedish pop,europop,1
classic oklahoma country,country,1
classic oklahoma country,rockabilly,1
classic oklahoma country,southern rock,1
classic oklahoma country,roots rock,1
classic oklahoma country,baroque pop,1
classic oklahoma country,blues rock,1
classic oklahoma country,blues,1
reggaeton flow,reggaeton,1
reggaeton flow,trap latino,1
reggaeton flow,urbano latino,1
reggaeton flow,trap,1
reggaeton flow,latin hip hop,1
pop nacional,funk,1
pop nacional,funk carioca,1
pop nacional,brazilian hip hop,1
pop nacional,mpb,1
pop nacional,nova mpb,1
pop nacional,pagode,1
pop nacional,pagode baiano,1
pop nacional,samba,1
pop nacional,arrocha,1
pop nacional,sertanejo,1
pop nacional,agronejo,1
pop nacional,slap house,1
pop nacional,electro house,1
pop nacional,sertanejo tradicional,1
pop nacional,brazilian rock,1
pop nacional,reggae,1
pop nacional,lullaby,1
pop nacional,worship,1
british invasion,psychedelic rock,1
british invasion,rockabilly,1
british invasion,blues rock,1
british invasion,blues,1
british invasion,baroque pop,1
british invasion,folk rock,1
british invasion,garage rock,1
british invasion,progressive rock,1
british invasion,symphonic rock,1
british invasion,classic rock,1
british invasion,art rock,1
british invasion,glam rock,1
british invasion,rock,1
british invasion,chamber pop,1
british invasion,motown,1
mexican rock,latin alternative,1
mexican rock,latin rock,1
mexican rock,mexican indie,1
mexican rock,nu metal,1
mexican rock,rap metal,1
mexican rock,rockabilly,1
mexican rock,symphonic rock,1
mexican rock,reggae,1
mexican rock,roots reggae,1
mexican rock,latin pop,1
indie soul,neo soul,1
indie soul,alternative r&b,1
indie soul,art pop,1
indie soul,jazz,1
indie soul,trip hop,1
indie soul,lo-fi beats,1
indie soul,soul,1
indie soul,pop soul,1
contemporary r&b,new jack swing,1
contemporary r&b,quiet storm,1
contemporary r&b,r&b,1
contemporary r&b,neo soul,1
contemporary r&b,motown,1
folk-pop,indie folk,1
folk-pop,folk,1
folk-pop,roots rock,1
folk-pop,christian alternative rock,1
folk-pop,ccm,1
folk-pop,worship,1
folk-pop,acoustic pop,1
pagode novo,pagode,1
pagode novo,samba,1
pagode novo,sertanejo,1
pagode novo,mpb,1
funk metal,funk rock,1
funk metal,alternative metal,1
funk metal,alternative rock,1
funk metal,nu metal,1
funk metal,groove metal,1
funk metal,rap metal,1
funk metal,grunge,1
funk metal,thrash metal,1
funk metal,punk,1
funk metal,skate punk,1
funk metal,speed metal,1
funk metal,hard rock,1
funk metal,rap rock,1
funk metal,industrial metal,1
funk metal,industrial rock,1
funk metal,industrial,1
funk metal,post-grunge,1
funk metal,metal,1
funk metal,progressive rock,1
funk metal,glam metal,1
funk metal,glam rock,1
funk metal,album rock,1
funk metal,pop punk,1
funk metal,rock,1
funk metal,blues rock,1
funk metal,latin rock,1
funk metal,trance,1
grunge,post-grunge,1
grunge,alternative rock,1
grunge,rock,1
grunge,hard rock,1
grunge,funk rock,1
grunge,alternative metal,1
grunge,groove metal,1
grunge,punk,1
grunge,industrial rock,1
grunge,industrial metal,1
grunge,industrial,1
grunge,nu metal,1
grunge,garage rock,1
french pop,chanson,1
french pop,pop urbaine,1
emo rap,cloud rap,1
emo rap,melodic rap,1
emo rap,hyperpop,1
emo rap,pop punk,1
emo rap,dark trap,1
salsa,bolero,1
r&b francais,pop urbaine,1
r&b francais,french pop,1
r&b francais,afrobeats,1
r&b francais,chanson,1
r&b francais,drill,1
r&b francais,dancehall,1
r&b francais,afropop,1
lgbtq  hip hop,hyperpop,1
lgbtq  hip hop,alternative r&b,1
lgbtq  hip hop,neo soul,1
lgbtq  hip hop,emo rap,1
lgbtq  hip hop,cloud rap,1
lgbtq  hip hop,alternative hip hop,1
lgbtq  hip hop,new jack swing,1
lgbtq  hip hop,grime,1
turkish rock,turkish pop,1
turkish rock,arabesk,1
turkish rock,turkish hip hop,1
memphis hip hop,southern hip hop,1
memphis hip hop,gangster rap,1
memphis hip hop,drift phonk,1
memphis hip hop,underground hip hop,1
mariachi,ranchera,1
mariachi,cumbia sonidera,1
mariachi,bolero,1
brostep,edm,1
brostep,electro house,1
brostep,dark trap,1
brostep,downtempo,1
classic soul,motown,1
classic soul,soul,1
classic soul,quiet storm,1
classic soul,disco,1
classic soul,funk,1
classic soul,funk rock,1
funk mtg,funk,1
funk mtg,funk carioca,1
funk mtg,funk consciente,1
trap triste,trap,1
trap triste,trap latino,1
trap triste,urbano latino,1
trap triste,cuarteto,1
trap triste,hyperpop,1
trap triste,emo rap,1
dirty south rap,southern hip hop,1
dirty south rap,gangster rap,1
dirty south rap,trap,1
dirty south rap,rap,1
melodic metalcore,metalcore,1
melodic metalcore,metal,1
melodic metalcore,screamo,1
melodic metalcore,rap metal,1
melodic metalcore,groove metal,1
melodic metalcore,emo,1
melodic metalcore,nu metal,1
melodic metalcore,alternative metal,1
blues rock,classic rock,1
blues rock,psychedelic rock,1
blues rock,blues,1
blues rock,southern rock,1
blues rock,country rock,1
blues rock,roots rock,1
blues rock,progressive rock,1
blues rock,rock,1
blues rock,jazz blues,1
blues rock,hard rock,1
blues rock,folk rock,1
blues rock,symphonic rock,1
blues rock,art rock,1
blues rock,glam rock,1
blues rock,baroque pop,1
blues rock,garage rock,1
blues rock,alternative rock,1
blues rock,motown,1
blues rock,rockabilly,1
alternative hip hop,underground hip hop,1
alternative hip hop,east coast hip hop,1
alternative hip hop,hip hop,1
alternative hip hop,southern hip hop,1
alternative hip hop,hardcore hip hop,1
alternative hip hop,neo soul,1
alternative hip hop,trip hop,1
melancholia,dream pop,1
melancholia,folk,1
melancholia,singer-songwriter,1
melancholia,shoegaze,1
melancholia,chamber pop,1
melancholia,indie folk,1
melancholia,art pop,1
melancholia,baroque pop,1
melancholia,art rock,1
melancholia,synthpop,1
melancholia,new wave,1
melancholia,britpop,1
melancholia,glam rock,1
melancholia,indie pop,1
melancholia,roots rock,1
pop soul,alternative r&b,1
pop soul,soul,1
pop soul,neo soul,1
pop soul,album rock,1
pop soul,jazz blues,1
brazilian gospel,worship,1
brazilian gospel,lullaby,1
brazilian gospel,children's music,1
outlaw country,roots rock,1
outlaw country,country rock,1
outlaw country,rockabilly,1
outlaw country,country,1
outlaw country,southern rock,1
outlaw country,tejano,1
outlaw country,folk,1
outlaw country,singer-songwriter,1
outlaw country,blues rock,1
orchestral soundtrack,soundtrack,1
orchestral soundtrack,anime,1
orchestral soundtrack,japanese vgm,1
dutch house,big room,1
dutch house,edm,1
dutch house,electro house,1
dutch house,electronica,1
dutch house,progressive house,1
dutch house,tech house,1
dutch house,slap house,1
dutch house,dancehall,1
dutch house,house,1
dutch house,trance,1
turkish hip hop,turkish pop,1
turkish hip hop,arabesk,1
turkish hip hop,lo-fi beats,1
turkish hip hop,rap,1
turkish hip hop,drill,1
queens hip hop,east coast hip hop,1
queens hip hop,underground hip hop,1
queens hip hop,hardcore hip hop,1
queens hip hop,reggaeton,1
queens hip hop,hip hop,1
queens hip hop,gangster rap,1
queens hip hop,r&b,1
queens hip hop,new jack swing,1
christian alternative rock,ccm,1
christian alternative rock,worship,1
christian alternative rock,trance,1
christian alternative rock,post-grunge,1
christian alternative rock,pop punk,1
christian alternative rock,rap rock,1
christian alternative rock,rap metal,1
mandopop,c-pop,1
mandopop,cantopop,1
lounge,easy listening,1
lounge,adult standards,1
lounge,vocal jazz,1
lounge,jazz,1
lounge,bossa nova,1
lounge,baroque pop,1
lounge,rockabilly,1
worship,ccm,1
worship,christian alternative rock,1
dfw rap,southern hip hop,1
dfw rap,underground hip hop,1
dfw rap,latin hip hop,1
dfw rap,mexican hip hop,1
electronica,trip hop,1
electronica,downtempo,1
electronica,new rave,1
electronica,alternative dance,1
electronica,lounge,1
electronica,art pop,1
electronica,electropop,1
electronica,latin alternative,1
electronica,synthpop,1
electronica,deep house,1
pixel,vocaloid,1
trap italiana,trap,1
trap italiana,drill,1
trap italiana,emo rap,1
pop reggaeton,trap latino,1
pop reggaeton,salsa,1
pop reggaeton,latin pop,1
pop reggaeton,colombian pop,1
pop reggaeton,ranchera,1
pop reggaeton,reggaeton,1
pop reggaeton,urbano latino,1
pop reggaeton,banda,1
pop reggaeton,latin rock,1
pop reggaeton,dancehall,1
pop reggaeton,flamenco urbano,1
new orleans rap,southern hip hop,1
new orleans rap,gangster rap,1
new orleans rap,rap,1
new orleans rap,hip hop,1
new orleans rap,dark trap,1
new orleans rap,emo rap,1
new orleans rap,cloud rap,1
new orleans rap,underground hip hop,1
new orleans rap,east coast hip hop,1
otacore,big room,1
otacore,anime,1
otacore,vocaloid,1
rock-and-roll,rockabilly,1
rock-and-roll,motown,1
rock-and-roll,blues,1
rock-and-roll,adult standards,1
rock-and-roll,soul,1
rock-and-roll,folk rock,1
rock-and-roll,garage rock,1
funk,quiet storm,1
funk,soul,1
funk,funk rock,1
funk,motown,1
funk,disco,1
funk,new jack swing,1
funk,neo soul,1
quiet storm,motown,1
quiet storm,soul,1
quiet storm,disco,1
quiet storm,new jack swing,1
quiet storm,funk,1
quiet storm,funk rock,1
quiet storm,neo soul,1
quiet storm,adult standards,1
quiet storm,r&b,1
motown,soul,1
motown,quiet storm,1
motown,disco,1
motown,funk,1
motown,rockabilly,1
japanese teen pop,j-pop,1
japanese teen pop,anime,1
japanese teen pop,j-rock,1
japanese teen pop,vocaloid,1
brazilian hip hop,samba,1
brazilian hip hop,nova mpb,1
brazilian hip hop,mpb,1
brazilian hip hop,brazilian rock,1
brazilian hip hop,grime,1
brazilian hip hop,reggae,1
brazilian hip hop,roots reggae,1
brazilian hip hop,trap,1
brazilian hip hop,trap funk,1
gruperas inmortales,grupera,1
gruperas inmortales,tejano,1
gruperas inmortales,cumbia sonidera,1
gruperas inmortales,banda,1
gruperas inmortales,salsa,1
kleine hoerspiel,mexican indie,1
kleine hoerspiel,children's music,1
indie poptimism,indie pop,1
indie poptimism,alternative r&b,1
indie poptimism,alternative dance,1
dream pop,shoegaze,1
dream pop,britpop,1
dream pop,madchester,1
dream pop,alternative dance,1
dream pop,art pop,1
dream pop,christian alternative rock,1
dream pop,trip hop,1
dream pop,downtempo,1
dream pop,new wave,1
dream pop,psychedelic rock,1
dream pop,indie rock,1
dream pop,industrial rock,1
dream pop,industrial,1
dream pop,art rock,1
dream pop,baroque pop,1
dream pop,chamber pop,1
dream pop,norwegian pop,1
dream pop,bedroom pop,1
rap conscient,pop urbaine,1
rap conscient,cloud rap,1
rap conscient,chanson,1
rap conscient,french pop,1
rap conscient,melodic rap,1
neo-synthpop,synthpop,1
neo-synthpop,industrial,1
neo-synthpop,alternative dance,1
neo-synthpop,new rave,1
neo-synthpop,dream pop,1
neo-synthpop,art pop,1
neo-synthpop,trip hop,1
neo-synthpop,electropop,1
neo-synthpop,industrial metal,1
neo-synthpop,indie rock,1
funk rock,alternative metal,1
funk rock,alternative rock,1
funk rock,nu metal,1
funk rock,rap metal,1
funk rock,grunge,1
funk rock,groove metal,1
funk rock,hard rock,1
funk rock,funk,1
funk rock,rap rock,1
funk rock,motown,1
funk rock,soul,1
funk rock,new wave,1
funk rock,jazz,1
funk rock,glam metal,1
funk rock,punk,1
funk rock,album rock,1
funk rock,glam rock,1
funk rock,rock,1
easy listening,adult standards,1
easy listening,classical,1
easy listening,lounge,1
easy listening,samba,1
easy listening,vocal jazz,1
easy listening,jazz,1
easy listening,baroque pop,1
bolero,mariachi,1
bolero,ranchera,1
bolero,salsa,1
bolero,grupera,1
bolero,singer-songwriter,1
bolero,bossa nova,1
bolero,latin pop,1
bolero,bachata,1
g funk,gangster rap,1
g funk,southern hip hop,1
g funk,hardcore hip hop,1
g funk,hip hop,1
g funk,rap,1
g funk,mexican hip hop,1
g funk,latin hip hop,1
g funk,east coast hip hop,1
barbadian pop,dancehall,1
barbadian pop,afrobeats,1
barbadian pop,cloud rap,1
barbadian pop,roots reggae,1
barbadian pop,reggae,1
barbadian pop,skate punk,1
barbadian pop,afropop,1
progressive rock,symphonic rock,1
progressive rock,art rock,1
progressive rock,album rock,1
progressive rock,classic rock,1
progressive rock,psychedelic rock,1
progressive rock,baroque pop,1
progressive rock,blues,1
progressive rock,folk rock,1
progressive rock,rock,1
progressive rock,hard rock,1
eurodance,europop,1
eurodance,trance,1
eurodance,german pop,1
hardcore hip hop,east coast hip hop,1
hardcore hip hop,underground hip hop,1
hardcore hip hop,hip hop,1
hardcore hip hop,gangster rap,1
hardcore hip hop,southern hip hop,1
hardcore hip hop,reggaeton,1
bachata,salsa,1
bachata,bolero,1
australian dance,alternative dance,1
australian dance,new rave,1
australian dance,edm,1
australian dance,progressive house,1
australian dance,electro house,1
australian dance,dance pop,1
australian dance,europop,1
australian dance,new jack swing,1
australian dance,house,1
australian dance,big room,1
australian dance,stutter house,1
australian dance,trance,1
australian dance,electronica,1
australian dance,tropical house,1
neon pop punk,pop punk,1
neon pop punk,emo,1
neon pop punk,metalcore,1
neon pop punk,screamo,1
neon pop punk,acoustic pop,1
neon pop punk,punk,1
neon pop punk,christian alternative rock,1
emo,screamo,1
emo,pop punk,1
emo,punk,1
emo,skate punk,1
emo,shoegaze,1
emo,acoustic pop,1
trap boricua,trap latino,1
trap boricua,urbano latino,1
trap boricua,reggaeton,1
trap boricua,trap,1
trap boricua,cloud rap,1
trap boricua,latin hip hop,1
brazilian rock,emo,1
brazilian rock,nova mpb,1
brazilian rock,mpb,1
brazilian rock,pop rock,1
brazilian rock,latin rock,1
brazilian rock,metalcore,1
brazilian rock,brazilian hip hop,1
brazilian rock,samba,1
brazilian rock,reggae,1
funk paulista,funk consciente,1
funk paulista,funk,1
funk paulista,trap funk,1
funk paulista,funk carioca,1
funk paulista,agronejo,1
funk paulista,trap,1
funk paulista,arrocha,1
pop venezolano,reggaeton,1
pop venezolano,trap latino,1
pop venezolano,latin pop,1
pop venezolano,colombian pop,1
pop venezolano,latin hip hop,1
pop venezolano,bachata,1
pop venezolano,salsa,1
pop venezolano,urbano latino,1
cantautor,singer-songwriter,1
cantautor,bolero,1
cantautor,argentine rock,1
cantautor,latin rock,1
cantautor,ranchera,1
cantautor,latin pop,1
chanson,french pop,1
florida rap,drill,1
florida rap,melodic rap,1
florida rap,southern hip hop,1
florida rap,dark trap,1
florida rap,underground hip hop,1
bedroom r&b,hyperpop,1
bedroom r&b,bedroom pop,1
bedroom r&b,shoegaze,1
bedroom r&b,underground hip hop,1
bedroom r&b,melodic rap,1
bedroom r&b,emo rap,1
latin christian,worship,1
latin christian,christian alternative rock,1
latin christian,bolero,1
latin christian,colombian pop,1
latin christian,mariachi,1
movie tunes,children's music,1
movie tunes,classical,1
indonesian pop rock,indonesian pop,1
indonesian pop rock,dangdut,1
indonesian pop rock,lagu jawa,1
indonesian pop rock,indonesian indie,1
russian hip hop,drill,1
spanish hip hop,latin hip hop,1
spanish hip hop,reggae,1
spanish hip hop,dancehall,1
spanish hip hop,rap,1
spanish hip hop,flamenco urbano,1
dancehall,reggae,1
dancehall,roots reggae,1
dancehall,hindi hip hop,1
dancehall,desi hip hop,1
dancehall,afrobeats,1
brooklyn drill,drill,1
brooklyn drill,melodic rap,1
brooklyn drill,underground hip hop,1
trap queen,afrobeats,1
trap queen,r&b,1
trap queen,alternative r&b,1
trap queen,east coast hip hop,1
trap queen,hyperpop,1
trap queen,dancehall,1
urbano chileno,urbano latino,1
urbano chileno,trap latino,1
urbano chileno,reggaeton,1
urbano chileno,flamenco urbano,1
urbano chileno,mexican hip hop,1
children's music,lullaby,1
world worship,worship,1
world worship,ccm,1
world worship,christian alternative rock,1
urbano mexicano,mexican hip hop,1
urbano mexicano,reggaeton,1
urbano mexicano,corrido,1
urbano mexicano,corridos tumbados,1
urbano mexicano,banda,1
urbano mexicano,latin hip hop,1
urbano mexicano,drift phonk,1
urbano mexicano,mexican indie,1
sheffield indie,britpop,1
sheffield indie,madchester,1
sheffield indie,baroque pop,1
sheffield indie,chamber pop,1
sheffield indie,singer-songwriter,1
sheffield indie,post-grunge,1
sheffield indie,garage rock,1
sheffield indie,indie pop,1
sheffield indie,new rave,1
sheffield indie,indie folk,1
sheffield indie,skate punk,1
classic texas country,country,1
classic texas country,roots rock,1
classic texas country,country rock,1
classic texas country,rockabilly,1
classic texas country,southern rock,1
escape room,hyperpop,1
escape room,art pop,1
escape room,alternative r&b,1
escape room,alternative hip hop,1
escape room,edm,1
escape room,hip hop,1
escape room,baroque pop,1
escape room,chamber pop,1
escape room,underground hip hop,1
modern indie pop,bedroom pop,1
modern indie pop,alternative r&b,1
modern indie pop,hyperpop,1
modern indie pop,dream pop,1
funk rj,funk carioca,1
funk rj,funk,1
funk rj,trap funk,1
funk rj,pagode,1
funk rj,pagode baiano,1
funk rj,samba,1
funk rj,brazilian hip hop,1
funk rj,trap,1
plugg,underground hip hop,1
plugg,cloud rap,1
plugg,rage rap,1
plugg,melodic rap,1
plugg,hyperpop,1
plugg,drill,1
plugg,brooklyn drill,1
plugg,emo rap,1
plugg,trap,1
plugg,new wave,1
anime rock,vocaloid,1
anime rock,j-pop,1
anime rock,anime,1
anime rock,j-rock,1
merseybeat,baroque pop,1
merseybeat,rockabilly,1
merseybeat,garage rock,1
merseybeat,adult standards,1
merseybeat,psychedelic rock,1
merseybeat,chamber pop,1
merseybeat,classic rock,1
reggae fusion,dancehall,1
reggae fusion,reggae,1
reggae fusion,roots reggae,1
reggae fusion,madchester,1
reggae fusion,afrobeats,1
reggae fusion,funk rock,1
reggae fusion,rap rock,1
reggae fusion,german hip hop,1
reggae fusion,new jack swing,1
reggae fusion,rap metal,1
reggae fusion,nu metal,1
shoegaze,dream pop,1
shoegaze,madchester,1
shoegaze,britpop,1
shoegaze,trip hop,1
shoegaze,downtempo,1
shoegaze,new wave,1
shoegaze,psychedelic rock,1
shoegaze,christian alternative rock,1
shoegaze,alternative dance,1
shoegaze,chamber pop,1
shoegaze,grunge,1
shoegaze,alternative rock,1
shoegaze,indie folk,1
shoegaze,industrial rock,1
shoegaze,industrial,1
shoegaze,art rock,1
tamil hip hop,tamil pop,1
tamil hip hop,kollywood,1
tamil hip hop,desi hip hop,1
tamil hip hop,tollywood,1
britpop,madchester,1
britpop,alternative dance,1
britpop,shoegaze,1
britpop,baroque pop,1
britpop,chamber pop,1
britpop,alternative rock,1
britpop,indie rock,1
britpop,garage rock,1
britpop,dream pop,1
britpop,synthpop,1
britpop,new wave,1
australian rock,glam rock,1
australian rock,synthpop,1
australian rock,psychedelic rock,1
australian rock,garage rock,1
australian rock,new wave,1
australian rock,dream pop,1
industrial metal,industrial rock,1
industrial metal,nu metal,1
industrial metal,industrial,1
industrial metal,alternative metal,1
industrial metal,rap metal,1
industrial metal,metal,1
industrial metal,rap rock,1
industrial metal,groove metal,1
industrial metal,hard rock,1
industrial metal,alternative dance,1
industrial metal,thrash metal,1
industrial metal,synthpop,1
industrial metal,post-grunge,1
industrial metal,metalcore,1
baroque pop,indie rock,1
baroque pop,art pop,1
baroque pop,chamber pop,1
baroque pop,indie folk,1
baroque pop,singer-songwriter,1
baroque pop,garage rock,1
baroque pop,psychedelic rock,1
baroque pop,dream pop,1
baroque pop,country rock,1
baroque pop,folk rock,1
baroque pop,britpop,1
baroque pop,art rock,1
baroque pop,madchester,1
baroque pop,french pop,1
baroque pop,folk,1
baroque pop,progressive rock,1
brooklyn indie,baroque pop,1
brooklyn indie,indie rock,1
brooklyn indie,shoegaze,1
brooklyn indie,dream pop,1
brooklyn indie,garage rock,1
brooklyn indie,art pop,1
brooklyn indie,chamber pop,1
brooklyn indie,synthpop,1
brooklyn indie,alternative r&b,1
pop argentino,cuarteto,1
pop argentino,argentine rock,1
pop argentino,latin pop,1
pop argentino,latin rock,1
pop argentino,latin alternative,1
pop argentino,colombian pop,1
pop argentino,acoustic pop,1
pop argentino,bolero,1
r&b en espanol,mexican indie,1
r&b en espanol,latin alternative,1
r&b en espanol,latin hip hop,1
r&b en espanol,urbano latino,1
r&b en espanol,trap latino,1
r&b en espanol,mexican hip hop,1
r&b en espanol,reggaeton,1
r&b en espanol,colombian pop,1
trance,progressive house,1
trance,big room,1
turkish trap,turkish hip hop,1
turkish trap,turkish pop,1
turkish trap,arabesk,1
turkish trap,drill,1
turkish trap,rap,1
turkish trap,emo rap,1
lilith,singer-songwriter,1
lilith,folk,1
lilith,art pop,1
lilith,chamber pop,1
lilith,country rock,1
lilith,grunge,1
lilith,dream pop,1
lilith,indie pop,1
indian instrumental,sufi,1
indian instrumental,tamil pop,1
indian instrumental,kollywood,1
downtempo,trip hop,1
downtempo,lounge,1
downtempo,latin alternative,1
downtempo,electronica,1
downtempo,trance,1
downtempo,bossa nova,1
downtempo,mpb,1
downtempo,lo-fi beats,1
downtempo,shoegaze,1
downtempo,dream pop,1
southern rock,country rock,1
southern rock,blues,1
southern rock,blues rock,1
southern rock,classic rock,1
southern rock,album rock,1
southern rock,roots rock,1
southern rock,soft rock,1
southern rock,country,1
southern rock,rock,1
southern rock,hard rock,1
southern rock,folk,1
southern rock,folk rock,1
sophisti-pop,synthpop,1
sophisti-pop,new wave,1
sophisti-pop,glam rock,1
sophisti-pop,art rock,1
sophisti-pop,chamber pop,1
sophisti-pop,britpop,1
sophisti-pop,art pop,1
sophisti-pop,baroque pop,1
sophisti-pop,dream pop,1
sophisti-pop,madchester,1
sophisti-pop,alternative dance,1
sophisti-pop,album rock,1
sophisti-pop,soft rock,1
punjabi hip hop,punjabi pop,1
punjabi hip hop,desi hip hop,1
punjabi hip hop,hindi hip hop,1
punjabi hip hop,desi pop,1
punjabi hip hop,hardcore hip hop,1
polish trap,hyperpop,1
polish trap,dark trap,1
socal pop punk,skate punk,1
socal pop punk,punk,1
socal pop punk,pop punk,1
socal pop punk,emo,1
socal pop punk,rock,1
socal pop punk,acoustic pop,1
socal pop punk,new rave,1
socal pop punk,alternative dance,1
candy pop,pop punk,1
candy pop,emo,1
candy pop,britpop,1
candy pop,hyperpop,1
candy pop,art pop,1
candy pop,madchester,1
candy pop,norwegian pop,1
candy pop,ccm,1
candy pop,new wave,1
tamil pop,kollywood,1
tamil pop,tollywood,1
tamil pop,tamil hip hop,1
tamil pop,mollywood,1
tamil pop,desi hip hop,1
rockabilly,roots rock,1
rockabilly,blues,1
rockabilly,adult standards,1
rockabilly,motown,1
girl group,europop,1
girl group,new jack swing,1
girl group,r&b,1
girl group,quiet storm,1
girl group,disco,1
girl group,pop,1
girl group,new wave,1
uk contemporary r&b,alternative r&b,1
uk contemporary r&b,neo soul,1
uk contemporary r&b,afrobeats,1
uk contemporary r&b,dancehall,1
uk contemporary r&b,grime,1
uk contemporary r&b,indie r&b,1
uk contemporary r&b,trip hop,1
atl trap,southern hip hop,1
atl trap,trap,1
atl trap,rage rap,1
atl trap,rap,1
atl trap,melodic rap,1
old school thrash,thrash metal,1
old school thrash,speed metal,1
old school thrash,groove metal,1
old school thrash,metal,1
old school thrash,power metal,1
old school thrash,punk,1
old school thrash,skate punk,1
old school thrash,rap metal,1
old school thrash,nu metal,1
old school thrash,alternative metal,1
classic bollywood,sufi,1
classic bollywood,tamil pop,1
classic bollywood,kollywood,1
compositional ambient,classical,1
compositional ambient,shoegaze,1
compositional ambient,art rock,1
compositional ambient,glam rock,1
gym phonk,drift phonk,1
north carolina hip hop,neo soul,1
north carolina hip hop,underground hip hop,1
north carolina hip hop,rap metal,1
north carolina hip hop,southern hip hop,1
north carolina hip hop,alternative hip hop,1
north carolina hip hop,dark trap,1
north carolina hip hop,rap,1
north carolina hip hop,alternative r&b,1
north carolina hip hop,rage rap,1
north carolina hip hop,trip hop,1
north carolina hip hop,indie r&b,1
country dawn,country,1
country dawn,vocal jazz,1
country dawn,country rock,1
country dawn,southern rock,1
symphonic rock,progressive rock,1
symphonic rock,art rock,1
symphonic rock,album rock,1
symphonic rock,baroque pop,1
symphonic rock,classic rock,1
symphonic rock,blues,1
symphonic rock,psychedelic rock,1
symphonic rock,hard rock,1
symphonic rock,soft rock,1
symphonic rock,folk rock,1
symphonic rock,blues rock,1
symphonic rock,rock,1
symphonic rock,motown,1
tennessee hip hop,southern hip hop,1
tennessee hip hop,trap,1
tennessee hip hop,gangster rap,1
tennessee hip hop,country,1
tennessee hip hop,underground hip hop,1
tennessee hip hop,hard rock,1
instrumental lullaby,lullaby,1
pittsburgh rap,rap,1
pittsburgh rap,underground hip hop,1
thrash metal,speed metal,1
thrash metal,groove metal,1
thrash metal,metal,1
thrash metal,power metal,1
thrash metal,punk,1
thrash metal,rap metal,1
thrash metal,glam metal,1
thrash metal,nu metal,1
thrash metal,alternative metal,1
thrash metal,skate punk,1
thrash metal,hard rock,1
thrash metal,symphonic metal,1
afropop,afrobeats,1
afropop,dancehall,1
screamo,emo,1
screamo,pop punk,1
screamo,metalcore,1
screamo,christian alternative rock,1
screamo,metal,1
screamo,punk,1
screamo,skate punk,1
canadian rock,funk rock,1
canadian rock,industrial rock,1
canadian rock,post-grunge,1
canadian rock,country rock,1
canadian rock,roots rock,1
canadian rock,blues rock,1
canadian rock,alternative dance,1
canadian rock,alternative metal,1
canadian rock,screamo,1
canadian rock,emo,1
canadian rock,metalcore,1
canadian rock,modern rock,1
canadian rock,garage rock,1
canadian rock,progressive rock,1
canadian rock,skate punk,1
canadian rock,rock,1
canadian rock,baroque pop,1
canadian rock,indie rock,1
canadian rock,christian alternative rock,1
canadian rock,rap metal,1
canadian rock,pop punk,1
canadian rock,punk,1
kindermusik,children's music,1
melodic drill,drill,1
melodic drill,grime,1
melodic drill,melodic rap,1
melodic drill,brooklyn drill,1
nyc rap,brooklyn drill,1
nyc rap,drill,1
nyc rap,east coast hip hop,1
nyc rap,melodic rap,1
nyc rap,hardcore hip hop,1
nyc rap,underground hip hop,1
nyc rap,alternative hip hop,1
nyc rap,gangster rap,1
nyc rap,grime,1
nyc rap,slap house,1
nyc rap,rage rap,1
modern blues rock,blues rock,1
modern blues rock,roots rock,1
modern blues rock,southern rock,1
modern blues rock,blues,1
modern blues rock,garage rock,1
modern blues rock,psychedelic rock,1
modern blues rock,alternative rock,1
modern blues rock,modern rock,1
modern blues rock,rock,1
rock nacional brasileiro,brazilian rock,1
rock nacional brasileiro,mpb,1
rock nacional brasileiro,pop rock,1
rock nacional brasileiro,latin rock,1
rock nacional brasileiro,nova mpb,1
rock nacional brasileiro,brazilian hip hop,1
rock nacional brasileiro,samba,1
philly rap,east coast hip hop,1
philly rap,brooklyn drill,1
philly rap,drill,1
philly rap,underground hip hop,1
philly rap,hardcore hip hop,1
philly rap,hip hop,1
philly rap,southern hip hop,1
philly rap,rap,1
philly rap,gangster rap,1
philly rap,melodic rap,1
afrofuturism,alternative r&b,1
afrofuturism,neo soul,1
afrofuturism,alternative hip hop,1
afrofuturism,art pop,1
afrofuturism,jazz,1
afrofuturism,r&b,1
afrofuturism,east coast hip hop,1
afrofuturism,hip hop,1
afrofuturism,underground hip hop,1
afrofuturism,trip hop,1
afrofuturism,funk,1
afrofuturism,funk rock,1
afrofuturism,reggae,1
afrofuturism,roots reggae,1
cumbia pop,cuarteto,1
rap latina,latin hip hop,1
rap latina,latin alternative,1
rap latina,urbano latino,1
rap latina,trap latino,1
rap latina,reggaeton,1
rap latina,mexican hip hop,1
rap latina,trap,1
rap latina,bachata,1
rap latina,r&b,1
rap latina,brazilian hip hop,1
rap latina,alternative r&b,1
rap latina,underground hip hop,1
reggae,roots reggae,1
reggae,dancehall,1
reggae,madchester,1
madchester,britpop,1
madchester,alternative dance,1
madchester,synthpop,1
madchester,new wave,1
madchester,shoegaze,1
madchester,punk,1
madchester,alternative rock,1
madchester,trip hop,1
madchester,art rock,1
madchester,rock,1
madchester,dream pop,1
madchester,industrial,1
madchester,industrial rock,1
spanish pop rock,latin pop,1
spanish pop rock,bolero,1
spanish pop rock,latin rock,1
spanish pop rock,flamenco urbano,1
spanish pop rock,argentine rock,1
spanish pop rock,mariachi,1
spanish pop rock,ranchera,1
spanish pop rock,singer-songwriter,1
k-rap,k-pop,1
dutch hip hop,drill,1
trip hop,downtempo,1
trip hop,lounge,1
trip hop,art pop,1
trip hop,latin alternative,1
trip hop,electronica,1
trip hop,industrial,1
trip hop,electropop,1
trip hop,alternative dance,1
la indie,dream pop,1
la indie,indie folk,1
la indie,indie pop,1
la indie,bedroom pop,1
la indie,garage rock,1
la indie,art pop,1
la indie,chamber pop,1
la indie,baroque pop,1
la indie,latin alternative,1
la indie,blues rock,1
la indie,roots rock,1
la indie,blues,1
la indie,glam rock,1
la indie,new rave,1
la indie,synthpop,1
la indie,pop punk,1
alternative dance,new rave,1
alternative dance,electronica,1
alternative dance,synthpop,1
alternative dance,electro house,1
alternative dance,trip hop,1
alternative dance,art pop,1
alternative dance,indie rock,1
alternative dance,shoegaze,1
alternative dance,dream pop,1
alternative dance,garage rock,1
alternative dance,modern rock,1
alternative dance,french pop,1
alternative dance,electropop,1
v-pop,bolero,1
rap rock,nu metal,1
rap rock,rap metal,1
rap rock,alternative metal,1
rap rock,rock,1
rap rock,industrial metal,1
rap rock,metal,1
rap rock,groove metal,1
rap rock,funk rock,1
rap rock,hip hop,1
rap rock,east coast hip hop,1
rap rock,hardcore hip hop,1
rap rock,post-grunge,1
funk consciente,funk,1
funk consciente,trap funk,1
funk consciente,funk carioca,1
funk consciente,trap,1
funk consciente,brazilian hip hop,1
funk consciente,agronejo,1
indie anthem-folk,indie folk,1
indie anthem-folk,acoustic pop,1
indie anthem-folk,folk rock,1
indie anthem-folk,tropical house,1
indie anthem-folk,alternative r&b,1
musica chihuahuense,tejano,1
musica chihuahuense,banda,1
musica chihuahuense,corrido,1
musica chihuahuense,grupera,1
musica chihuahuense,corridos tumbados,1
chill house,tropical house,1
chill house,lounge,1
chill house,stutter house,1
australian hip hop,dark trap,1
australian hip hop,emo rap,1
australian hip hop,drill,1
australian hip hop,alternative r&b,1
azontobeats,afrobeats,1
azontobeats,afropop,1
azontobeats,pop urbaine,1
azontobeats,dancehall,1
new americana,roots rock,1
new americana,folk,1
new americana,indie folk,1
new americana,country,1
new americana,southern rock,1
new americana,country rock,1
new americana,folk rock,1
new americana,singer-songwriter,1
new americana,chamber pop,1
tejano,grupera,1
tejano,mariachi,1
tejano,banda,1
korean ost,soundtrack,1
korean ost,k-pop,1
nova mpb,mpb,1
nova mpb,brazilian rock,1
nova mpb,samba,1
nova mpb,bossa nova,1
dutch edm,edm,1
dutch edm,big room,1
dutch edm,electro house,1
dutch edm,progressive house,1
dutch edm,electronica,1
dutch edm,house,1
dutch edm,stutter house,1
dutch edm,slap house,1
dutch edm,rage rap,1
dutch edm,tech house,1
dutch edm,synthpop,1
dutch edm,electropop,1
dutch edm,trance,1
dutch edm,deep house,1
dutch edm,tropical house,1
dutch edm,chill house,1
dutch edm,lounge,1
j-division,anime,1
j-division,j-pop,1
j-division,vocaloid,1
j-division,soul,1
sertanejo tradicional,sertanejo,1
acoustic pop,singer-songwriter,1
acoustic pop,blues,1
acoustic pop,indie folk,1
acoustic pop,chamber pop,1
acoustic pop,folk,1
acoustic pop,christian alternative rock,1
acoustic pop,worship,1
aesthetic rap,meme rap,1
aesthetic rap,dark trap,1
aesthetic rap,drift phonk,1
aesthetic rap,hyperpop,1
pop flamenco,flamenco urbano,1
pop flamenco,bachata,1
cancion melodica,bolero,1
cancion melodica,singer-songwriter,1
cancion melodica,ranchera,1
cancion melodica,mariachi,1
cancion melodica,chanson,1
sigilkore,hyperpop,1
sigilkore,cloud rap,1
sigilkore,dark trap,1
sigilkore,underground hip hop,1
rap conciencia,latin hip hop,1
rap conciencia,rap,1
rap conciencia,mexican hip hop,1
rap conciencia,latin rock,1
rap conciencia,latin alternative,1
rap conciencia,reggaeton,1
rap conciencia,cuarteto,1
rap conciencia,mexican rock,1
neo-psychedelic,psychedelic rock,1
neo-psychedelic,shoegaze,1
neo-psychedelic,garage rock,1
neo-psychedelic,dream pop,1
neo-psychedelic,baroque pop,1
neo-psychedelic,indie rock,1
neo-psychedelic,blues rock,1
neo-psychedelic,progressive rock,1
neo-psychedelic,art rock,1
neo-psychedelic,bedroom pop,1
dutch pop,trance,1
dutch pop,singer-songwriter,1
dutch pop,chanson,1
dutch pop,french pop,1
adoracao,worship,1
ska argentino,argentine rock,1
ska argentino,latin alternative,1
ska argentino,latin rock,1
ska argentino,reggae,1
ska argentino,roots reggae,1
ska argentino,punk,1
ska argentino,cuarteto,1
ska argentino,mexican rock,1
ska argentino,colombian pop,1
irish rock,funk rock,1
irish rock,shoegaze,1
irish rock,roots rock,1
irish rock,indie folk,1
irish rock,folk rock,1
irish rock,madchester,1
irish rock,art rock,1
irish rock,dream pop,1
irish rock,singer-songwriter,1
irish rock,baroque pop,1
irish rock,chamber pop,1
irish rock,new wave,1
irish rock,classic rock,1
irish rock,hard rock,1
irish rock,rock,1
irish rock,folk,1
classic italian pop,singer-songwriter,1
indie pop rap,pop punk,1
pop r&b,r&b,1
pop r&b,afrobeats,1
pop r&b,afropop,1
pop r&b,neo soul,1
groove metal,thrash metal,1
groove metal,metal,1
groove metal,speed metal,1
groove metal,nu metal,1
groove metal,rap metal,1
groove metal,alternative metal,1
groove metal,metalcore,1
groove metal,industrial metal,1
groove metal,industrial rock,1
groove metal,industrial,1
groove metal,hard rock,1
groove metal,rap rock,1
groove metal,southern rock,1
groove metal,power metal,1
groove metal,grunge,1
groove metal,rock,1
power metal,speed metal,1
power metal,symphonic metal,1
power metal,metal,1
power metal,symphonic rock,1
power metal,thrash metal,1
power metal,progressive rock,1
power metal,hard rock,1
power metal,album rock,1
power metal,folk,1
lo-fi study,lo-fi beats,1
classic country pop,country,1
classic country pop,rockabilly,1
classic country pop,tejano,1
danish pop,tropical house,1
jazz,jazz blues,1
jazz,bossa nova,1
jazz,vocal jazz,1
industrial rock,industrial,1
industrial rock,industrial metal,1
industrial rock,nu metal,1
industrial rock,alternative dance,1
industrial rock,new wave,1
industrial rock,synthpop,1
industrial rock,rap metal,1
industrial rock,metal,1
industrial rock,alternative metal,1
industrial rock,trip hop,1
industrial rock,art rock,1
industrial rock,madchester,1
industrial rock,grunge,1
industrial rock,groove metal,1
hyperpop,shoegaze,1
hyperpop,cloud rap,1
hyperpop,emo rap,1
hyperpop,art pop,1
axe,pagode baiano,1
axe,pagode,1
axe,samba,1
axe,mpb,1
axe,funk carioca,1
axe,arrocha,1
axe,nova mpb,1
axe,funk,1
phonk brasileiro,drift phonk,1
phonk brasileiro,funk,1
pixie,pop punk,1
pixie,symphonic metal,1
pixie,acoustic pop,1
pixie,punk,1
pixie,screamo,1
pixie,metalcore,1
pixie,emo,1
pixie,christian alternative rock,1
pixie,symphonic rock,1
pixie,power metal,1
bossa nova,mpb,1
bossa nova,samba,1
bossa nova,jazz,1
bossa nova,bolero,1
bossa nova,brazilian rock,1
bossa nova,pagode,1
bossa nova,psychedelic rock,1
bossa nova,vocal jazz,1
bossa nova,adult standards,1
bossa nova,nova mpb,1
bossa nova,sertanejo tradicional,1
uk post-punk,new wave,1
uk post-punk,madchester,1
uk post-punk,punk,1
uk post-punk,synthpop,1
uk post-punk,alternative dance,1
uk post-punk,funk rock,1
uk post-punk,industrial,1
uk post-punk,industrial rock,1
uk post-punk,shoegaze,1
uk post-punk,dream pop,1
uk post-punk,industrial metal,1
uk post-punk,art rock,1
uk post-punk,britpop,1
lo-fi indie,bedroom pop,1
lo-fi indie,shoegaze,1
lo-fi indie,screamo,1
cumbia sonidera,salsa,1
cumbia sonidera,grupera,1
southern soul,soul,1
southern soul,blues,1
southern soul,motown,1
southern soul,quiet storm,1
southern soul,funk,1
roots reggae,reggae,1
roots reggae,dancehall,1
roots reggae,madchester,1
sad rap,emo rap,1
sad rap,dark trap,1
sad rap,melodic rap,1
german techno,tech house,1
german techno,deep house,1
german techno,progressive house,1
german techno,electronica,1
german techno,eurodance,1
german techno,trance,1
german techno,europop,1
german techno,house,1
sad lo-fi,emo rap,1
sad lo-fi,dark trap,1
sad lo-fi,anime,1
sad lo-fi,meme rap,1
pop emo,pop punk,1
pop emo,emo,1
pop emo,screamo,1
pop emo,christian alternative rock,1
pop emo,metalcore,1
pop emo,punk,1
pop emo,europop,1
pop emo,ccm,1
german metal,power metal,1
german metal,speed metal,1
german metal,metal,1
german metal,symphonic metal,1
german metal,thrash metal,1
german metal,album rock,1
german metal,hard rock,1
german metal,folk,1
german metal,groove metal,1
german metal,symphonic rock,1
german metal,folk rock,1
german metal,industrial metal,1
german metal,glam metal,1
german metal,progressive rock,1
german metal,japanese vgm,1
german metal,industrial,1
german metal,industrial rock,1
cumbia villera,cuarteto,1
cumbia villera,cumbia sonidera,1
latin worship,worship,1
latin worship,christian alternative rock,1
latin worship,colombian pop,1
german dance,slap house,1
german dance,tropical house,1
german dance,german pop,1
german dance,trance,1
german dance,deep house,1
german dance,tech house,1
german dance,electro house,1
drill,trap,1
drill,cloud rap,1
drill,underground hip hop,1
pop edm,tropical house,1
pop edm,edm,1
pop edm,progressive house,1
pop edm,big room,1
pop edm,tech house,1
pop edm,slap house,1
pop edm,deep house,1
arab pop,egyptian pop,1
brazilian reggae,roots reggae,1
brazilian reggae,reggae,1
brazilian reggae,mpb,1
brazilian reggae,brazilian hip hop,1
brazilian reggae,brazilian rock,1
brazilian reggae,nova mpb,1
brazilian reggae,dancehall,1
brazilian reggae,samba,1
roots rock,country rock,1
roots rock,folk,1
roots rock,southern rock,1
roots rock,folk rock,1
roots rock,singer-songwriter,1
roots rock,classic rock,1
roots rock,blues,1
roots rock,blues rock,1
roots rock,rockabilly,1
roots rock,indie rock,1
roots rock,glam rock,1
samba,mpb,1
samba,pagode,1
samba,bossa nova,1
samba,sertanejo tradicional,1
samba,nova mpb,1
samba,bolero,1
tech house,house,1
tech house,electro house,1
tech house,stutter house,1
tech house,edm,1
tech house,deep house,1
tech house,progressive house,1
filter house,new rave,1
filter house,electronica,1
filter house,synthpop,1
filter house,alternative dance,1
filter house,downtempo,1
filter house,electro house,1
filter house,edm,1
filter house,french pop,1
filter house,electropop,1
video game music,soundtrack,1
video game music,japanese vgm,1
neo-classical,classical,1
jazz pop,vocal jazz,1
jazz pop,bossa nova,1
jazz pop,jazz,1
jazz pop,lounge,1
jazz pop,indonesian indie,1
jazz pop,bolero,1
jazz pop,mandopop,1
jazz pop,jazz blues,1
jazz pop,neo soul,1
jazz pop,alternative r&b,1
jazz pop,indonesian pop,1
rap canario,latin hip hop,1
rap canario,trap latino,1
rap canario,reggaeton,1
mollywood,tamil pop,1
mollywood,tollywood,1
mollywood,kollywood,1
mollywood,sufi,1
mollywood,bhojpuri pop,1
sufi,desi pop,1
sufi,punjabi pop,1
sufi,soundtrack,1
sufi,desi hip hop,1
swedish hip hop,turkish hip hop,1
turkish alt pop,turkish pop,1
turkish alt pop,arabesk,1
turkish alt pop,turkish hip hop,1
hollywood,children's music,1
hollywood,classical,1
spanish rock,latin rock,1
spanish rock,latin alternative,1
spanish rock,mexican rock,1
spanish rock,singer-songwriter,1
spanish rock,folk rock,1
nursery,lullaby,1
nursery,children's music,1
irish singer-songwriter,roots rock,1
irish singer-songwriter,baroque pop,1
irish singer-songwriter,chamber pop,1
irish singer-songwriter,indie folk,1
irish singer-songwriter,singer-songwriter,1
irish singer-songwriter,acoustic pop,1
electro latino,reggaeton,1
electro latino,colombian pop,1
electro latino,flamenco urbano,1
electro latino,mexican indie,1
electro latino,mexican rock,1
electro latino,latin alternative,1
electro latino,latin rock,1
electro latino,urbano latino,1
electro latino,trap latino,1
electro latino,electropop,1
electro latino,latin pop,1
shimmer pop,synthpop,1
shimmer pop,alternative dance,1
shimmer pop,chamber pop,1
shimmer pop,indie folk,1
shimmer pop,baroque pop,1
shimmer pop,indie rock,1
shimmer pop,dream pop,1
shimmer pop,shoegaze,1
shimmer pop,garage rock,1
shimmer pop,tropical house,1
lullaby,children's music,1
korean r&b,k-rap,1
korean r&b,k-pop,1
baton rouge rap,southern hip hop,1
baton rouge rap,alternative hip hop,1
baton rouge rap,gangster rap,1
baton rouge rap,blues,1
baton rouge rap,underground hip hop,1
skate punk,punk,1
skate punk,pop punk,1
skate punk,emo,1
skate punk,rockabilly,1
grime,drill,1
grime,stutter house,1
grime,tech house,1
country pop,country,1
country pop,country rock,1
german rock,german pop,1
german rock,singer-songwriter,1
german rock,german hip hop,1
german rock,progressive rock,1
german rock,folk rock,1
german rock,nu metal,1
german rock,funk rock,1
german rock,punk,1
german rock,psychedelic rock,1
german rock,album rock,1
german rock,hard rock,1
german rock,glam metal,1
nigerian hip hop,afrobeats,1
nigerian hip hop,afropop,1
nigerian hip hop,dancehall,1
russian pop,europop,1
noise pop,shoegaze,1
noise pop,dream pop,1
noise pop,indie rock,1
noise pop,garage rock,1
noise pop,new wave,1
noise pop,grunge,1
noise pop,alternative rock,1
noise pop,psychedelic rock,1
noise pop,indie folk,1
noise pop,art rock,1
noise pop,chamber pop,1
noise pop,art pop,1
noise pop,baroque pop,1
noise pop,industrial rock,1
noise pop,industrial,1
noise pop,punk,1
noise pop,progressive rock,1
speed metal,thrash metal,1
speed metal,metal,1
speed metal,power metal,1
speed metal,groove metal,1
speed metal,symphonic metal,1
speed metal,hard rock,1
speed metal,rap metal,1
speed metal,glam metal,1
speed metal,glam rock,1
speed metal,rock,1
speed metal,nu metal,1
speed metal,alternative metal,1
speed metal,symphonic rock,1
speed metal,album rock,1
canadian trap,dark trap,1
canadian trap,melodic rap,1
canadian trap,emo rap,1
canadian trap,cloud rap,1
canadian trap,alternative r&b,1
indonesian indie,indonesian pop,1
indonesian indie,indie folk,1
indonesian indie,grunge,1
indonesian indie,shoegaze,1
indonesian indie,dream pop,1
indonesian indie,psychedelic rock,1
indonesian indie,pop punk,1
indonesian indie,blues,1
indonesian indie,blues rock,1
rap marseille,pop urbaine,1
rap marseille,chanson,1
rap marseille,french pop,1
rap marseille,trip hop,1
vallenato,colombian pop,1
vallenato,latin pop,1
kentucky hip hop,r&b,1
kentucky hip hop,east coast hip hop,1
kentucky hip hop,southern hip hop,1
kentucky hip hop,urbano latino,1
ohio hip hop,hardcore hip hop,1
ohio hip hop,gangster rap,1
ohio hip hop,southern hip hop,1
ohio hip hop,underground hip hop,1
ohio hip hop,dark trap,1
ohio hip hop,rage rap,1
ohio hip hop,new jack swing,1
la pop,art pop,1
la pop,alternative r&b,1
la pop,shoegaze,1
la pop,neo soul,1
la pop,indie r&b,1
salsa puertorriquena,salsa,1
salsa puertorriquena,bolero,1
musica para ninos,lullaby,1
musica para ninos,children's music,1
french indie pop,french pop,1
french indie pop,chanson,1
french indie pop,downtempo,1
french indie pop,trip hop,1
french indie pop,new rave,1
french indie pop,alternative dance,1
hindi hip hop,desi hip hop,1
hindi hip hop,hardcore hip hop,1
hindi hip hop,punjabi hip hop,1
hindi hip hop,desi pop,1
hindi hip hop,punjabi pop,1
hindi hip hop,bhojpuri pop,1
hindi hip hop,tamil hip hop,1
hindi hip hop,tamil pop,1
hindi hip hop,kollywood,1
hindi hip hop,tollywood,1
tollywood,tamil pop,1
tollywood,kollywood,1
tollywood,mollywood,1
tollywood,tamil hip hop,1
ambient pop,art rock,1
ambient pop,art pop,1
ambient pop,chamber pop,1
ambient pop,dream pop,1
ambient pop,baroque pop,1
ambient pop,shoegaze,1
ambient pop,trip hop,1
ambient pop,downtempo,1
ambient pop,bedroom pop,1
ambient pop,europop,1
ambient pop,french pop,1
stutter house,house,1
stutter house,chill house,1
stutter house,tropical house,1
stutter house,tech house,1
stutter house,slap house,1
stutter house,deep house,1
cloud rap francais,new wave,1
cloud rap francais,drill,1
cloud rap francais,cloud rap,1
cloud rap francais,pop urbaine,1
cloud rap francais,hyperpop,1
cloud rap francais,dancehall,1
cloud rap francais,french pop,1
cloud rap francais,alternative hip hop,1
jazz blues,blues,1
jazz blues,vocal jazz,1
jazz blues,jazz,1
jazz blues,soul,1
jazz blues,rockabilly,1
jazz blues,motown,1
jazz blues,blues rock,1
lagu jawa,dangdut,1
lagu jawa,indonesian pop,1
florida drill,drill,1
florida drill,melodic rap,1
dreamo,shoegaze,1
dreamo,dream pop,1
dreamo,pop punk,1
dreamo,emo,1
dreamo,screamo,1
dreamo,post-grunge,1
dreamo,metalcore,1
dreamo,christian alternative rock,1
dreamo,indonesian indie,1
pinoy hip hop,opm,1
pinoy hip hop,hardcore hip hop,1
pinoy hip hop,underground hip hop,1
rap napoletano,k-rap,1
chicago drill,drill,1
chicago drill,brooklyn drill,1
japanese singer-songwriter,j-pop,1
japanese singer-songwriter,anime,1
japanese singer-songwriter,j-rock,1
japanese singer-songwriter,folk,1
japanese singer-songwriter,art pop,1
oxford indie,britpop,1
oxford indie,shoegaze,1
oxford indie,dream pop,1
oxford indie,madchester,1
oxford indie,indie rock,1
oxford indie,indie folk,1
oxford indie,art rock,1
oxford indie,alternative rock,1
oxford indie,new rave,1
oxford indie,indie pop,1
oxford indie,progressive rock,1
new rave,alternative dance,1
new rave,electronica,1
new rave,electro house,1
new rave,indie rock,1
new rave,garage rock,1
new rave,shoegaze,1
new rave,dream pop,1
new rave,french pop,1
new rave,electropop,1
new rave,synthpop,1
french rock,chanson,1
french rock,french pop,1
french rock,punk,1
french rock,rap metal,1
french rock,thai pop,1
french rock,nu metal,1
french rock,metal,1
french rock,industrial metal,1
swedish electropop,art pop,1
swedish electropop,synthpop,1
swedish electropop,new rave,1
swedish electropop,electropop,1
swedish electropop,alternative dance,1
swedish electropop,trip hop,1
swedish electropop,tropical house,1
swedish electropop,europop,1
swedish electropop,eurodance,1
swedish electropop,industrial metal,1
classic j-pop,j-pop,1
classic j-pop,anime,1
classic j-pop,j-rock,1
classic j-pop,new jack swing,1
drill francais,drill,1
drill francais,pop urbaine,1
drill francais,new wave,1
new jack swing,quiet storm,1
new jack swing,r&b,1
new jack swing,neo soul,1
new jack swing,east coast hip hop,1
new jack swing,funk,1
new jack swing,motown,1
new jack swing,funk rock,1
canadian singer-songwriter,roots rock,1
canadian singer-songwriter,singer-songwriter,1
canadian singer-songwriter,folk,1
canadian singer-songwriter,folk rock,1
canadian singer-songwriter,blues,1
canadian singer-songwriter,indie folk,1
canadian singer-songwriter,chamber pop,1
canadian singer-songwriter,classic rock,1
canadian singer-songwriter,blues rock,1
drill espanol,drill,1
drill espanol,flamenco urbano,1
drill espanol,trap,1
drill espanol,hyperpop,1
gym hardstyle,dark trap,1
gym hardstyle,drift phonk,1
indonesian singer-songwriter,indonesian indie,1
indonesian singer-songwriter,indonesian pop,1
indonesian singer-songwriter,lagu jawa,1
dangdut,indonesian pop,1
dangdut,lagu jawa,1
dangdut,bossa nova,1
swing,jazz,1
swing,jazz blues,1
swing,adult standards,1
swing,rockabilly,1
swing,vocal jazz,1
deep house,house,1
deep house,tech house,1
deep house,downtempo,1
deep house,lounge,1
deep house,tropical house,1
deep house,chill house,1
deep house,progressive house,1
new french touch,trip hop,1
new french touch,chill house,1
new french touch,french pop,1
new french touch,electronica,1
new french touch,tropical house,1
new french touch,downtempo,1
industrial,industrial rock,1
industrial,industrial metal,1
industrial,synthpop,1
industrial,new wave,1
industrial,trip hop,1
industrial,alternative dance,1
industrial,nu metal,1
industrial,chamber pop,1
industrial,alternative metal,1
industrial,groove metal,1
industrial,art rock,1
industrial,metal,1
industrial,folk rock,1
uk alternative pop,baroque pop,1
uk alternative pop,alternative dance,1
uk alternative pop,synthpop,1
uk alternative pop,christian alternative rock,1
coverchill,bossa nova,1
coverchill,lounge,1
coverchill,afrobeats,1
hare krishna,sufi,1
hare krishna,tamil pop,1
hare krishna,tollywood,1
complextro,electro house,1
complextro,house,1
complextro,edm,1
complextro,trance,1
complextro,progressive house,1
complextro,big room,1
complextro,tropical house,1
complextro,stutter house,1
kollywood,tamil pop,1
kollywood,tamil hip hop,1
kollywood,tollywood,1
kollywood,mollywood,1
uk metalcore,metalcore,1
uk metalcore,metal,1
uk metalcore,screamo,1
uk metalcore,rap metal,1
uk metalcore,emo,1
uk metalcore,rock,1
uk metalcore,groove metal,1
uk metalcore,shoegaze,1
uk metalcore,speed metal,1
uk metalcore,rage rap,1
uk metalcore,industrial metal,1
baroque,progressive rock,1
baroque,classical,1
el paso indie,emo,1
el paso indie,progressive rock,1
el paso indie,art rock,1
el paso indie,garage rock,1
el paso indie,psychedelic rock,1
el paso indie,downtempo,1
el paso indie,dream pop,1
el paso indie,roots rock,1
flamenco urbano,bachata,1
modern indie folk,indie folk,1
modern indie folk,acoustic pop,1
country rap,southern hip hop,1
country rap,country,1
country rap,country rock,1
early music,classical,1
early music,sufi,1
glitchcore,hyperpop,1
glitchcore,cloud rap,1
glitchcore,emo rap,1
glitchcore,rage rap,1
glitchcore,shoegaze,1
cantopop,c-pop,1
cantopop,mandopop,1
cantopop,v-pop,1
bachata dominicana,bachata,1
bachata dominicana,salsa,1
bachata dominicana,bolero,1
bachata dominicana,tamil pop,1
modern folk rock,indie folk,1
modern folk rock,roots rock,1
modern folk rock,chamber pop,1
modern folk rock,baroque pop,1
modern folk rock,folk rock,1
modern folk rock,folk,1
modern folk rock,jazz blues,1
modern folk rock,country rock,1
egyptian pop,sufi,1
mexican indie,mexican rock,1
mexican indie,latin alternative,1
mexican indie,latin rock,1
mexican indie,rockabilly,1
mexican indie,shoegaze,1
mexican indie,dream pop,1
mexican indie,bolero,1
bubblegrunge,emo,1
bubblegrunge,indie rock,1
bubblegrunge,garage rock,1
bubblegrunge,shoegaze,1
bubblegrunge,dream pop,1
bubblegrunge,indie pop,1
bubblegrunge,bedroom pop,1
bubblegrunge,punk,1
beatlesque,folk rock,1
beatlesque,country rock,1
beatlesque,psychedelic rock,1
beatlesque,baroque pop,1
beatlesque,glam rock,1
beatlesque,new wave,1
beatlesque,symphonic rock,1
beatlesque,art rock,1
beatlesque,progressive rock,1
beatlesque,album rock,1
beatlesque,classic rock,1
beatlesque,garage rock,1
beatlesque,chamber pop,1
beatlesque,roots rock,1
beatlesque,britpop,1
beatlesque,madchester,1
beatlesque,rock,1
beatlesque,tejano,1
norwegian pop,electropop,1
norwegian pop,art pop,1
norwegian pop,tropical house,1
symphonic metal,symphonic rock,1
symphonic metal,power metal,1
symphonic metal,metal,1
symphonic metal,speed metal,1
symphonic metal,japanese vgm,1
symphonic metal,progressive rock,1
symphonic metal,folk,1
arabesk,turkish pop,1
arabesk,turkish hip hop,1
german drill,german hip hop,1
german drill,drill,1
german drill,cloud rap,1
deep underground hip hop,underground hip hop,1
deep underground hip hop,thai pop,1
deep underground hip hop,brooklyn drill,1
deep underground hip hop,meme rap,1
electronic trap,edm,1
electronic trap,grime,1
electronic trap,big room,1
electronic trap,electro house,1
electronic trap,rage rap,1
classic pakistani pop,sufi,1
classic pakistani pop,desi pop,1
classic pakistani pop,tollywood,1
classic pakistani pop,soundtrack,1
electric blues,blues,1
electric blues,blues rock,1
electric blues,jazz blues,1
electric blues,southern rock,1
electric blues,classic rock,1
electric blues,roots rock,1
electric blues,country rock,1
electric blues,rockabilly,1
electric blues,rock,1
weirdcore,hyperpop,1
weirdcore,vocaloid,1
weirdcore,drift phonk,1
late romantic era,classical,1
chill r&b,alternative r&b,1
chill r&b,neo soul,1
chill r&b,indie r&b,1
chill r&b,afrobeats,1
meme rap,cloud rap,1
meme rap,hyperpop,1
meme rap,anime,1
meme rap,dark trap,1
meme rap,rage rap,1
viral rap,dark trap,1
viral rap,meme rap,1
japanese vgm,soundtrack,1
japanese vgm,c-pop,1
japanese vgm,anime,1
funk ostentacao,funk,1
funk ostentacao,funk consciente,1
funk ostentacao,funk carioca,1
funk ostentacao,trap funk,1
funk ostentacao,brazilian hip hop,1
trap funk,trap,1
trap funk,brazilian hip hop,1
trap funk,funk,1
trap funk,funk consciente,1
trap funk,funk carioca,1
trap funk,french pop,1
trap funk,pagode baiano,1
arrochadeira,pagode baiano,1
arrochadeira,arrocha,1
arrochadeira,funk,1
arrochadeira,pagode,1
arrochadeira,sertanejo,1
arrochadeira,agronejo,1
arrochadeira,funk carioca,1
arrochadeira,trap funk,1
indie r&b,alternative r&b,1
indie r&b,neo soul,1
indie r&b,bedroom pop,1
indie r&b,r&b,1
pop rock brasileiro,brazilian rock,1
pop rock brasileiro,mpb,1
pop rock brasileiro,pop rock,1
pop rock brasileiro,emo,1
pop rock brasileiro,nova mpb,1
pop rock brasileiro,lullaby,1
pop rock brasileiro,progressive rock,1
pop rock brasileiro,latin rock,1
previa,lullaby,1
blues,jazz blues,1
blues,blues rock,1
blues,rockabilly,1
blues,folk,1
blues,jazz,1
blues,vocal jazz,1
blues,southern rock,1
blues,country rock,1
blues,roots rock,1
covertronica,slap house,1
covertronica,deep house,1
covertronica,tropical house,1
covertronica,chill house,1
pagode baiano,pagode,1
pagode baiano,samba,1
pagode baiano,arrocha,1
pagode baiano,nova mpb,1
pagode baiano,funk,1
pagode baiano,funk carioca,1
pagode baiano,mpb,1
pagode baiano,worship,1
indie rock italiano,screamo,1
indie rock italiano,shoegaze,1
indie rock italiano,garage rock,1
indie rock italiano,art rock,1
indie rock italiano,art pop,1
indie rock italiano,punk,1
indie rock italiano,indie folk,1
bhojpuri pop,tollywood,1
bhojpuri pop,tamil pop,1
neue deutsche harte,industrial metal,1
neue deutsche harte,industrial,1
neue deutsche harte,symphonic metal,1
neue deutsche harte,industrial rock,1
neue deutsche harte,folk rock,1
neue deutsche harte,power metal,1
neue deutsche harte,synthpop,1
neue deutsche harte,groove metal,1
neue deutsche harte,german pop,1
neue deutsche harte,metal,1
neue deutsche harte,symphonic rock,1
neue deutsche harte,metalcore,1
neue deutsche harte,rap metal,1
scandipop,tropical house,1
scandipop,norwegian pop,1
scandipop,progressive house,1
classic canadian rock,album rock,1
classic canadian rock,new wave,1
classic canadian rock,classic rock,1
classic canadian rock,glam metal,1
classic canadian rock,hard rock,1
classic canadian rock,blues rock,1
classic canadian rock,glam rock,1
classic canadian rock,blues,1
classic canadian rock,synthpop,1
classic canadian rock,singer-songwriter,1
classic canadian rock,roots rock,1
classic canadian rock,folk rock,1
classic canadian rock,southern rock,1
classic canadian rock,progressive rock,1
classic canadian rock,rock,1
meme,meme rap,1
meme,hyperpop,1
belgian edm,slap house,1
belgian edm,big room,1
belgian edm,electronica,1
belgian edm,edm,1
belgian edm,electro house,1
belgian edm,tropical house,1
belgian edm,deep house,1
belgian edm,tech house,1
belgian edm,lounge,1
belgian edm,progressive house,1
indonesian jazz,indonesian pop,1
indonesian jazz,indonesian indie,1
indonesian jazz,bossa nova,1
indonesian jazz,jazz,1
indonesian jazz,bedroom pop,1
indonesian jazz,lagu jawa,1
indonesian jazz,dangdut,1
indonesian jazz,worship,1
indonesian jazz,blues,1
indonesian jazz,progressive rock,1
contemporary vocal jazz,vocal jazz,1
contemporary vocal jazz,jazz,1
contemporary vocal jazz,bossa nova,1
contemporary vocal jazz,jazz blues,1
contemporary vocal jazz,adult standards,1
nu-cumbia,cumbia sonidera,1
nu-cumbia,mexican indie,1
nu-cumbia,latin alternative,1
nu-cumbia,mexican rock,1
nu-cumbia,trip hop,1
nu-cumbia,downtempo,1
nu-cumbia,mexican hip hop,1
nu-cumbia,salsa,1
nu-cumbia,latin rock,1
nu-cumbia,argentine rock,1
rap dominicano,trap latino,1
rap dominicano,latin hip hop,1
rap dominicano,reggaeton,1
rap dominicano,urbano latino,1
anime score,anime,1
anime score,soundtrack,1
anime score,j-pop,1
anime score,art pop,1
classic swedish pop,rockabilly,1
classic swedish pop,punk,1
classic swedish pop,folk,1
classic swedish pop,jazz,1
classic swedish pop,vocal jazz,1
swamp rock,southern rock,1
swamp rock,country rock,1
swamp rock,roots rock,1
swamp rock,folk rock,1
swamp rock,blues,1
swamp rock,blues rock,1
swamp rock,rockabilly,1
swamp rock,classic rock,1
swamp rock,glam metal,1
vocaloid,anime,1
vocaloid,j-pop,1
classical era,classical,1
pakistani hip hop,desi hip hop,1
pakistani hip hop,hindi hip hop,1
pakistani hip hop,punjabi hip hop,1
pakistani hip hop,hardcore hip hop,1
pakistani hip hop,desi pop,1
pakistani hip hop,punjabi pop,1
pakistani hip hop,sufi,1
australian psych,psychedelic rock,1
australian psych,punk,1
australian psych,groove metal,1
australian psych,grunge,1
australian psych,post-grunge,1
australian psych,garage rock,1
australian psych,blues rock,1
australian psych,hard rock,1
australian psych,shoegaze,1
australian indie,jazz blues,1
australian indie,indie folk,1
australian indie,folk rock,1
australian indie,garage rock,1
instrumental hip hop,alternative hip hop,1
instrumental hip hop,underground hip hop,1
instrumental hip hop,trip hop,1
instrumental hip hop,downtempo,1
instrumental hip hop,east coast hip hop,1
instrumental hip hop,hip hop,1
instrumental hip hop,neo soul,1
instrumental hip hop,alternative r&b,1
instrumental hip hop,hardcore hip hop,1
instrumental hip hop,lo-fi beats,1
instrumental hip hop,cloud rap,1
c-pop,cantopop,1
c-pop,mandopop,1
old school atlanta hip hop,southern hip hop,1
old school atlanta hip hop,trap,1
old school atlanta hip hop,rap,1
old school atlanta hip hop,gangster rap,1
old school atlanta hip hop,alternative hip hop,1
old school atlanta hip hop,hip hop,1
indonesian rock,indonesian pop,1
indonesian rock,indonesian indie,1
indonesian rock,pop punk,1
indonesian rock,grunge,1
indonesian rock,punk,1
indonesian rock,skate punk,1
indonesian rock,dangdut,1
indonesian rock,psychedelic rock,1
indonesian rock,glam rock,1
indonesian rock,blues,1
punk blues,garage rock,1
punk blues,blues rock,1
punk blues,rockabilly,1
punk blues,rock,1
punk blues,alternative rock,1
punk blues,roots rock,1
punk blues,modern rock,1
punk blues,blues,1
punk blues,punk,1
taiwan pop,mandopop,1
taiwan pop,c-pop,1
